Aberdeen Regional Airport,ABR,Aberdeen,SD,45.4491,-98.4218,45.4647222,-98.4861111,23667
Abilene Rgnl,ABI,Abilene,TX,32.411319,-99.681897,32.4486111,-99.7327778,114247
Abraham Lincoln Capital,SPI,Springfield,IL,39.8441,-89.677889,39.8016667,-89.6436111,115975
Adams Fld,LIT,Little Rock,AR,34.729444,-92.224306,34.7463889,-92.2894444,184217
Addison,ADS,Addison,TX,32.9685594,-96.8364478,32.9616667,-96.8288889,13628
Akron Canton Regional Airport,CAK,Akron,OH,40.9160833,-81.4421944,41.0813889,-81.5191667,208414
Alamogordo White Sands Regional Airport,ALM,Alamogordo,NM,32.8399,-105.991,32.8994444,-105.9597222,36058
Albany Intl,ALB,Albany,NY,42.748267,-73.801692,42.6525,-73.7566667,93794
Albert J Ellis,OAJ,Jacksonville,NC,34.829164,-77.612139,34.7538889,-77.4305556,68015
Albuquerque International Sunport,ABQ,Albuquerque,NM,35.0402222,-106.6091944,35.0844444,-106.6505556,487378
Alexander Field South Wood County Airport,ISW,Wisconsin Rapids,WI,44.3606456,-89.8381412,44.3836111,-89.8172222,17724
Alexandria,ALX,Alexandria,VA,38.806346,-77.0621,38.8047222,-77.0472222,127273
Alexandria Intl,AEX,Alexandria,LA,31.3274,-92.549833,31.3111111,-92.445,45187
Alice Intl,ALI,Alice,TX,27.740889,-98.026944,27.7519444,-98.0694444,19589
Allegheny County Airport,AGC,Pittsburgh,PA,40.3544,-79.9302,40.4405556,-79.9961111,319494
Alpena County Regional Airport,APN,Alpena,MI,45.0781,-83.5603,45.0616667,-83.4327778,10718
Altoona Blair Co,AOO,Altoona,PA,40.296372,-78.320022,40.5186111,-78.395,46962
Altus Afb,LTS,Altus,OK,34.667067,-99.266681,34.6380556,-99.3336111,20278
Andrau Airport,AAP,Houston,TX,29.43,-95.35,29.7630556,-95.3630556,2027712
Andrews Afb,ADW,Camp Springs,MD,38.810806,-76.867028,38.8038889,-76.9069444,19049
Angelina Co,LFK,Lufkin,TX,31.234014,-94.75,31.3380556,-94.7288889,33667
Ankeny Regl Airport,IKV,Ankeny,IA,41.691389,-93.566389,41.7297222,-93.6055556,33916
Ann Arbor Municipal Airport,ARB,Ann Arbor,MI,42.132274,-83.444418,42.2708333,-83.7263889,113810
Anniston Metro,ANB,Anniston,AL,33.588167,-85.858111,33.6597222,-85.8316667,23423
Appleton,ATW,Appleton,WI,44.257526,-88.507576,44.2619444,-88.4152778,70112
Aransas County Airport,RKP,Rockport,TX,28.0862222,-97.0436944,28.0202778,-97.0541667,8972
Arcata,ACV,Arcata,CA,40.978111,-124.108611,40.8666667,-124.0816667,17199
Ardmore Muni,ADM,Ardmore,OK,34.300833,-97.008889,34.1741667,-97.1433333,23975
Arkansas Intl,BYH,Blytheville,AR,35.964347,-89.943956,35.9272222,-89.9188889,16315
Arlington Municipal,GKY,Arlington,TX,32.6638611,-97.0942778,32.7355556,-97.1077778,367535
Asheville Regional Airport,AVL,Asheville,NC,35.436194,-82.541806,35.6008333,-82.5541667,68795
Astoria Regional Airport,AST,Astoria,OR,46.157972,-123.878694,46.1880556,-123.83,9535
Atlanta Regional Airport - Falcon Field,FFC,Atlanta,GA,33.35725,-84.5718333,33.7488889,-84.3880556,422908
Atlantic City Intl,ACY,Atlantic City,NJ,39.457583,-74.577167,39.3641667,-74.4233333,40554
Auburn University Regional,AUO,Auburn,AL,32.3691,-85.2604,32.6097222,-85.4808333,49833
Augusta State,AUG,Augusta,ME,44.320647,-69.797317,44.3105556,-69.78,18661
Austin Bergstrom Intl,AUS,Austin,TX,30.194528,-97.669889,30.2669444,-97.7427778,678368
Austin Straubel Intl,GRB,Green Bay,WI,44.485072,-88.129589,44.5191667,-88.0197222,101012
Baldwin County Airport,MLJ,Milledgeville,GA,33.154225,-83.2414139,33.08,-83.2322222,19682
Baltimore Washington Intl,BWI,Baltimore,MD,39.175361,-76.668333,39.2902778,-76.6125,610892
Bangor Intl,BGR,Bangor,ME,44.807444,-68.828139,44.8011111,-68.7783333,31534
Baraboo Wisconsin Dells Airport,DLL,Baraboo,WI,43.5217843,-89.7709266,43.4711111,-89.7441667,10907
Barkley Regional Airport,PAH,Paducah,KY,37.0602875,-88.7729583,37.0833333,-88.6,25306
Barksdale Afb,BAD,Shreveport,LA,32.50182,-93.662674,32.525,-93.75,196980
Barnes Municipal,BAF,Westfield,MA,42.1579472,-72.715875,42.125,-72.75,40932
Barrow County Airport,WDR,Winder,GA,33.9828611,-83.6674167,33.9925,-83.7202778,12643
Bartow Municipal Airport,BOW,Bartow,FL,27.9434,-81.7834,27.8961111,-81.8433333,15718
Baton Rouge Metro Ryan Fld,BTR,Baton Rouge,LA,30.533167,-91.149639,30.4505556,-91.1544444,223349
Beale Afb,BAB,Marysville,CA,39.136089,-121.436567,39.1458333,-121.5902778,12530
Beaumont Municipal,BMT,Beaumont,TX,30.0702044,-94.2150967,30.0858333,-94.1016667,111485
Beaver Falls,BFP,Beaver Falls,PA,40.7724722,-80.3914444,40.7519444,-80.3194444,9504
Beech Factory Airport,BEC,Wichita,KS,37.6939167,-97.2149167,37.6922222,-97.3372222,355244
Bellingham Intl,BLI,Bellingham,WA,48.792694,-122.537528,48.7597222,-122.4869444,73469
Bemidji Regional Airport,BJI,Bemidji,MN,47.510722,-94.934722,47.4736111,-94.88,13331
Bermuda Dunes Airport,UDD,Palm Springs,CA,33.7484375,-116.2748133,33.8302778,-116.5444444,46680
Bert Mooney Airport,BTM,Butte,MT,45.954806,-112.497472,46.0038889,-112.5338889,31056
Bessemer,EKY,Bessemer,AL,33.1876,-86.5558,33.4016667,-86.9544444,28628
Beverly Municipal Airport,BVY,Beverly,MA,42.584141,-70.9161444,42.5583333,-70.8805556,40365
Biggs Aaf,BIF,El Paso,TX,31.849528,-106.380039,31.7586111,-106.4863889,597181
Billings Logan International Airport,BIL,Billings,MT,45.80921,-108.537654,45.7833333,-108.5,99751
Birmingham Intl,BHM,Birmingham,AL,33.562942,-86.75355,33.5205556,-86.8025,231621
Bisbee Douglas Intl,DUG,Douglas,AZ,31.469028,-109.603667,31.3444444,-109.5447222,16692
Bishop International,FNT,Flint,MI,42.965424,-83.743629,43.0125,-83.6875,117258
Bismarck Municipal Airport,BIS,Bismarck,ND,46.775842,-100.757931,46.8083333,-100.7833333,56706
Black Hills Airport-Clyde Ice Field,SPF,Spearfish,SD,44.4811407,-103.7860053,44.4908333,-103.8588889,9173
Blythe Airport,BLH,Blythe,CA,33.619167,-114.716889,33.6102778,-114.5955556,22483
Bob Hope,BUR,Burbank,CA,34.200667,-118.358667,34.1808333,-118.3080556,104690
Bob Sikes,CEW,Crestview,FL,30.778833,-86.522111,30.7619444,-86.5705556,16702
Boca Raton,BCT,Boca Raton,FL,26.3785,-80.107694,26.3583333,-80.0833333,80689
Boeing Fld King Co Intl,BFI,Seattle,WA,47.53,-122.301947,47.6063889,-122.3308333,569369
Boire Field Airport,ASH,Nashua,NH,42.78175,-71.5147778,42.7652778,-71.4680556,87039
Bolton Field,TZR,Columbus,OH,39.901111,-83.136944,39.9611111,-82.9988889,736836
Boone Co,HRO,Harrison,AR,36.261519,-93.154728,36.2297222,-93.1075,12468
Bowling Green-Warren County Regional Airport,BWG,Bowling Green,KY,36.9645278,-86.4196667,36.9902778,-86.4436111,51558
Bowman Fld,LOU,Louisville,KY,38.228,-85.663722,38.2541667,-85.7594444,243639
Brackett Field,POC,La Verne,CA,34.0916667,-117.7817778,34.1008333,-117.7669444,33698
Bradford Regional Airport,BFD,Bradford,PA,41.8031,-78.6401,41.9558333,-78.6441667,8611
Bradley Intl,BDL,Windsor Locks,CT,41.938889,-72.683222,41.9291667,-72.6277778,12138
Brainerd Lakes Rgnl,BRD,Brainerd,MN,46.398308,-94.138078,46.3580556,-94.2005556,14218
Branch County Memorial Airport,OEB,Coldwater,MI,41.9335691,-85.0522935,41.9402778,-85.0005556,10864
Bremerton National,PWT,Bremerton,WA,47.490244,-122.764814,47.5675,-122.6313889,44053
Brigham City,BMC,Brigham City,UT,41.552,-112.062,41.5102778,-112.0147222,17261
Brookings Regional Airport,BKX,Brookings,SD,44.3048,-96.8169,44.3113889,-96.7980556,18216
Brown Field Municipal Airport,SDM,San Diego,CA,32.5722722,-116.9801611,32.7152778,-117.1563889,1287050
Brownsville South Padre Island Intl,BRO,Brownsville,TX,25.906833,-97.425861,25.9013889,-97.4972222,168015
Brunswick Golden Isles Airport,BQK,Brunswick,GA,31.2588,-81.4665,31.1497222,-81.4916667,16486
Buchanan Field Airport,CCR,Concord,CA,37.9896667,-122.0568889,37.9780556,-122.03,125626
Buckeye Municipal Airport,BXK,Buckeye,AZ,33.420417,-112.68618,33.3702778,-112.5830556,9039
Buffalo Niagara Intl,BUF,Buffalo,NY,42.940525,-78.732167,42.8863889,-78.8786111,279557
Burke Lakefront Airport,BKL,Cleveland,OH,41.5175,-81.683333,41.4994444,-81.6955556,449514
Burlington Intl,BTV,Burlington,VT,44.471861,-73.153278,44.4758333,-73.2125,38601
Burlington-Alamance Regional Airport,BUY,Burlington,NC,36.0485433,-79.4748892,36.0955556,-79.4380556,46921
Butts Aaf,FCS,Fort Carson,CO,38.678394,-104.756581,38.7375,-104.7883333,10645
Caldwell Essex County Airport,CDW,West Caldwell,NJ,40.8752222,-74.2813611,40.8408333,-74.3022222,11672
Calexico Intl,CXL,Calexico,CA,32.669502,-115.51333,32.6788889,-115.4980556,36389
Camp Mabry Austin City,ATT,Austin,TX,30.31666,-97.7666,30.2669444,-97.7427778,678368
Campbell Aaf,HOP,Hopkinsville,KY,36.668567,-87.496183,36.8655556,-87.4886111,27656
Cannon Afb,CVS,Clovis,NM,34.382775,-103.322147,34.4047222,-103.2047222,33163
Cape Girardeau Regional Airport,CGI,Cape Girardeau,MO,37.2253,-89.5708,37.3058333,-89.5180556,35904
Capital City,LAN,Lansing,MI,42.7787,-84.587357,42.7325,-84.5555556,117691
Capital City Airport,CXY,Harrisburg,PA,40.2171389,-76.8513611,40.2736111,-76.8847222,47840
Carbon County Regional-Buck Davis Field,PUC,Price,UT,39.609722,-110.75278,39.5994444,-110.81,8069
Caribou Muni,CAR,Caribou,ME,46.8715,-68.017917,46.8605556,-68.0125,8336
Cartersville Airport,VPC,Cartersville,GA,34.1231475,-84.8487067,34.165,-84.8,17703
Casa Grande Municipal Airport,CGZ,Casa Grande,AZ,32.954889,-111.766832,32.8794444,-111.7566667,32138
Castle,MER,Merced,CA,37.380481,-120.568189,37.3022222,-120.4819444,72619
Cavern City Air Terminal,CNM,Carlsbad,NM,32.337472,-104.263278,32.4205556,-104.2283333,25302
Cedar City Rgnl,CDC,Cedar City,UT,37.700967,-113.098847,37.6775,-113.0611111,23005
Cedar Rapids,CID,Cedar Rapids,IA,41.884694,-91.710806,42.0083333,-91.6438889,122945
Centennial,APA,Denver,CO,39.570129,-104.849294,39.7391667,-104.9841667,555981
Central Illinois Rgnl,BMI,Bloomington,IL,40.477111,-88.915917,40.4841667,-88.9936111,70706
Central Nebraska Regional Airport,GRI,Grand Island,NE,40.9675,-98.3096,40.925,-98.3416667,44766
Champaign,CMI,Champaign,IL,40.03925,-88.278056,40.1163889,-88.2433333,75670
Chan Gurney,YKN,Yankton,SD,42.8711,-97.3969,42.8711111,-97.3969444,13410
Charles M Schulz Sonoma Co,STS,Santa Rosa,CA,38.508978,-122.81288,38.4405556,-122.7133333,155118
Charleston Afb Intl,CHS,Charleston,SC,32.898647,-80.040528,32.7763889,-79.9311111,104782
Charlotte County-Punta Gorda Airport,PGD,Punta Gorda,FL,26.919722,-81.990556,26.9294444,-82.0455556,18306
Charlotte Douglas Intl,CLT,Charlotte,NC,35.214,-80.943139,35.2269444,-80.8433333,598351
Charlottesville-Albemarle,CHO,Charlottesville,VA,38.138639,-78.452861,38.0291667,-78.4769444,34703
Chautauqua County-Dunkirk Airport,DKK,Dunkirk,NY,42.4933353,-79.2720417,42.4794444,-79.3341667,12451
Chautauqua County-Jamestown,JHW,Jamestown,NY,42.153333,-79.258056,42.0969444,-79.2355556,30077
Cherry Capital Airport,TVC,Traverse City,MI,44.741445,-85.582235,44.7630556,-85.6205556,14425
Cheyenne Rgnl Jerry Olson Fld,CYS,Cheyenne,WY,41.155722,-104.811839,41.14,-104.8197222,55443
Chicago Executive,PWK,Chicago,IL,42.1142897,-87.9015376,41.85,-87.65,2841952
Chicago Midway Intl,MDW,Chicago,IL,41.785972,-87.752417,41.85,-87.65,2841952
Chicago Ohare Intl,ORD,Chicago,IL,41.978603,-87.904842,41.85,-87.65,2841952
Chicago Rockford International Airport,RFD,Rockford,IL,42.1953611,-89.0972222,42.2711111,-89.0938889,152765
Chico Muni,CIC,Chico,CA,39.795383,-121.858422,39.7286111,-121.8363889,70565
Chippewa Valley Regional Airport,EAU,Eau Claire,WI,44.8658,-91.4843,44.8113889,-91.4983333,62852
Chisholm Hibbing,HIB,Hibbing,MN,47.3866,-92.838994,47.4272222,-92.9375,16638
Cincinnati Muni Lunken Fld,LUK,Cincinnati,OH,39.103333,-84.418611,39.1619444,-84.4569444,306382
Cincinnati Northern Kentucky Intl,CVG,Cincinnati,OH,39.048836,-84.667822,39.1619444,-84.4569444,306382
City Of Colorado Springs Muni,COS,Colorado Springs,CO,38.805805,-104.700778,38.8338889,-104.8208333,373072
Clarksville-Montgomery County Regional Airport,CKV,Clarksville,TN,36.621944,-87.415,36.5297222,-87.3594444,111694
Clearwater Air Park,CLW,Clearwater,FL,27.9764722,-82.7586667,27.9655556,-82.8002778,108064
Clemson,CEU,Clemson,SC,34.6722222,-82.8858889,34.6833333,-82.8375,11901
Cleveland Hopkins Intl,CLE,Cleveland,OH,41.411689,-81.849794,41.4994444,-81.6955556,449514
Clinton Municipal,CWI,Clinton,IA,41.83075,-90.3289722,41.8444444,-90.1886111,27294
Clovis Muni,CVN,Clovis,NM,34.425139,-103.079278,34.4047222,-103.2047222,33163
Cobb County Airport-Mc Collum Field,RYY,Atlanta,GA,34.0131569,-84.5970556,33.7488889,-84.3880556,422908
Coleman A Young Muni,DET,Detroit,MI,42.409195,-83.009861,42.3313889,-83.0458333,884941
Collin County Regional Airport at Mc Kinney,TKI,Dallas,TX,33.1779444,-96.5905278,32.7833333,-96.8,1211704
Columbia Metropolitan,CAE,Columbia,SC,33.938833,-81.119528,34.0005556,-81.035,117722
Columbia Rgnl,COU,Columbia,MO,38.818094,-92.219631,38.9516667,-92.3338889,91415
Columbus Metropolitan Airport,CSG,Columbus,GA,32.5163333,-84.9388611,32.4608333,-84.9877778,185208
Corpus Christi Intl,CRP,Corpus Christi,TX,27.770361,-97.501222,27.8002778,-97.3961111,280382
Corpus Christi NAS,NGP,Corpus Christi,TX,27.692701,-97.290376,27.8002778,-97.3961111,280382
Cortez Muni,CEZ,Cortez,CO,37.303,-108.628056,37.3488889,-108.5852778,8285
Corvallis Muni,CVO,Corvallis,OR,44.5067,-123.2915,44.5647222,-123.2608333,50701
Cottonwood Airport,P52,Cottonwood,AZ,34.7299995422363,-112.035003662109,34.7391667,-112.0091667,10681
Coulter Fld,CFD,Bryan,TX,30.715694,-96.331361,30.6741667,-96.3697222,69621
Coweta County Airport,CCO,Newnan,GA,33.3115656,-84.7697554,33.3805556,-84.7997222,23409
Craig Fld,SEM,Selma,AL,32.343947,-86.987803,32.4072222,-87.0211111,18980
Craven Co Rgnl,EWN,New Bern,NC,35.072972,-77.042944,35.1083333,-77.0444444,23623
Crisp County Cordele Airport,CKF,Cordele,GA,31.9888333,-83.7739167,31.9633333,-83.7825,11411
Crystal Airport,MIC,Crystal,MN,45.0343,-93.2114,45.0327778,-93.36,21834
Cuyahoga County,CGF,Richmond Heights,OH,41.565124,-81.4863555,41.5527778,-81.5102778,10753
Dade Collier Training And Transition,TNT,Tamiami,FL,25.861806,-80.897,25.7583333,-80.3986111,69225
Dallas Executive Airport,RBD,Dallas,TX,32.680833,-96.868333,32.7833333,-96.8,1211704
Dallas Fort Worth Intl,DFW,Dallas,TX,32.896828,-97.037997,32.7833333,-96.8,1211704
Dallas Love Fld,DAL,Dallas,TX,32.847111,-96.851778,32.7833333,-96.8,1211704
Dalton Municipal Airport,DNN,Dalton,GA,34.7229444,-84.87025,34.7697222,-84.9702778,31598
Danbury Municipal Airport,DXR,Danbury,CT,41.3715353,-73.4821906,41.3947222,-73.4544444,78565
Dane Co Rgnl Truax Fld,MSN,Madison,WI,43.139858,-89.337514,43.0730556,-89.4011111,224625
Daniel Field Airport,DNL,North Augusta,SC,33.4665028,-82.0393808,33.5016667,-81.9652778,19030
David Wayne Hooks Field,DWH,Houston,TX,30.063746,-95.554276,29.7630556,-95.3630556,2027712
Davis Fld,MKO,Muskogee,OK,35.656489,-95.366656,35.7477778,-95.3694444,38696
Davis Monthan Afb,DMA,Tucson,AZ,32.166467,-110.883144,32.2216667,-110.9258333,518907
Dawson Community Airport,GDV,Glendive,MT,47.138611,-104.807222,47.1052778,-104.7119444,4699
Dayton-Wright Brothers Airport,MGY,Dayton,OH,39.5889722,-84.2248611,39.7588889,-84.1916667,159134
Daytona Beach Intl,DAB,Daytona Beach,FL,29.179917,-81.058056,29.2105556,-81.0230556,64661
Decatur,DEC,Decatur,IL,39.834564,-88.865689,39.8402778,-88.9547222,77868
Decatur County Industrial Air Park,BGE,Bainbridge,GA,30.9715981,-84.6369278,30.9036111,-84.5755556,11714
Dekalb-Peachtree Airport,PDK,Atlanta,GA,33.8756111,-84.3019722,33.7488889,-84.3880556,422908
Del Rio Intl,DRT,Del Rio,TX,29.374208,-100.927158,29.3625,-100.8963889,36068
Delta County Airport,ESC,Escanaba,MI,45.722778,-87.093611,45.7452778,-87.0644444,12622
Denver Intl,DEN,Denver,CO,39.861656,-104.673178,39.7391667,-104.9841667,555981
Des Moines Intl,DSM,Des Moines,IA,41.533972,-93.663083,41.6005556,-93.6088889,193180
Destin,DTS,Destin,FL,30.4000611,-86.4714772,30.3933333,-86.4958333,12115
Detroit Metro Wayne Co,DTW,Detroit,MI,42.212444,-83.353389,42.3313889,-83.0458333,884941
Devils Lake Regional Airport,DVL,Devils Lake,ND,48.114444,-98.908611,48.1127778,-98.8647222,6811
Dickinson Theodore Roosevelt Regional Airport,DIK,Dickinson,ND,46.7975,-102.801944,46.8791667,-102.7891667,15576
Dinwiddie County Airport,PTB,Petersburg,VA,37.18375,-77.507388,37.2277778,-77.4022222,32812
Dobbins Arb,MGE,Marietta,GA,33.915382,-84.516319,33.9525,-84.55,61360
Dodge City Regional Airport,DDC,Dodge City,KS,37.7634,-99.9656,37.7527778,-100.0166667,25932
Dothan Rgnl,DHN,Dothan,AL,31.321339,-85.449628,31.2230556,-85.3905556,61741
Douglas Municipal Airport,DGL,Douglas,AZ,31.3426028,-109.5064544,31.3444444,-109.5447222,16692
Dover Afb,DOV,Dover,DE,39.129539,-75.465958,39.1580556,-75.5247222,33286
Downtown,MKC,Kansas City,MO,39.1275,-94.598889,39.0997222,-94.5783333,442028
Drake Fld,FYV,Fayetteville,AR,36.005094,-94.170059,36.0625,-94.1572222,64864
Draughon Miller Central Texas Rgnl,TPL,Temple,TX,31.1525,-97.407778,31.0980556,-97.3425,55703
Dubuque Rgnl,DBQ,Dubuque,IA,42.402,-90.709472,42.5005556,-90.6644444,57185
Duluth Intl,DLH,Duluth,MN,46.842091,-92.193649,46.7833333,-92.1063889,84800
Dupage,DPA,West Chicago,IL,41.907778,-88.248611,41.8847222,-88.2038889,26014
Durango La Plata Co,DRO,Durango,CO,37.151516,-107.75377,37.2752778,-107.8794444,15022
Dyess Afb,DYS,Abilene,TX,32.420756,-99.8546,32.4486111,-99.7327778,114247
East Texas Rgnl,GGG,Longview,TX,32.384014,-94.711486,32.5005556,-94.7402778,75920
Eastern Oregon Regional Airport,PDT,Pendleton,OR,45.695,-118.841389,45.6722222,-118.7875,16539
Eastern WV Regional Airport,MRB,Martinsburg,WV,39.2407,-77.591,39.4561111,-77.9641667,15616
Easterwood Fld,CLL,College Station,TX,30.588583,-96.363833,30.6277778,-96.3341667,78533
Easton-Newnam Field Airport,ESN,Easton,MD,38.8041667,-76.069,38.7741667,-76.0766667,13094
Edward F Knapp State,MPV,Montpelier,VT,44.203503,-72.562328,44.26,-72.5758333,7828
El Centro Naf,NJK,El Centro,CA,32.829222,-115.671667,32.7919444,-115.5622222,38323
El Paso Intl,ELP,El Paso,TX,31.80725,-106.377583,31.7586111,-106.4863889,597181
El Toro,NZJ,Santa Ana,CA,33.676132,-117.731164,33.7455556,-117.8669444,343054
Elizabeth City Cgas Rgnl,ECG,Elizabeth City,NC,36.260581,-76.174572,36.2944444,-76.2513889,18015
Elko Regional Airport,EKO,Elko,NV,40.8249,-115.792,40.8325,-115.7622222,15822
Ellington Fld,EFD,Houston,TX,29.607333,-95.15875,29.7630556,-95.3630556,2027712
Ellsworth Afb,RCA,Rapid City,SD,44.145042,-103.103567,44.0805556,-103.2305556,61888
Elmira Corning Rgnl,ELM,Elmira,NY,42.159889,-76.891611,42.0897222,-76.8080556,30026
Eppley Afld,OMA,Omaha,NE,41.303167,-95.894069,41.2586111,-95.9375,413487
Erie Intl Tom Ridge Fld,ERI,Erie,PA,42.082022,-80.176217,42.1291667,-80.0852778,99801
Ernest A Love Fld,PRC,Prescott,AZ,34.654472,-112.419583,34.54,-112.4677778,40136
Esler Rgnl,ESF,Alexandria,LA,31.394903,-92.295772,31.3111111,-92.445,45187
Evanston-Uinta CO Burns Fld,EVW,Evanston,WY,41.1649,-111.0208,41.2683333,-110.9625,11258
Evansville Regional,EVV,Evansville,IN,38.036997,-87.532364,37.9747222,-87.5558333,115474
Executive,ORL,Orlando,FL,28.545464,-81.332936,28.5380556,-81.3794444,207970
Fairchild Afb,SKA,Spokane,WA,47.615058,-117.655772,47.6588889,-117.425,197262
Fallon Nas,NFL,Fallon,NV,39.416584,-118.70098,39.4736111,-118.7763889,8126
Fayetteville Regional Grannis Field,FAY,Fayetteville,NC,34.9912,-78.8803,35.0525,-78.8786111,124775
Felts Fld,SFF,Spokane,WA,47.682819,-117.322558,47.6588889,-117.425,197262
Fitchburg Municipal Airport,FIT,Fitchburg,MA,42.5541111,-71.7589722,42.5833333,-71.8027778,40363
Flabob Airport,RIR,Riverside,CA,33.988778,-117.409971,33.9533333,-117.3952778,297554
Flagstaff Pulliam Airport,FLG,Flagstaff,AZ,35.140318,-111.6692392,35.1980556,-111.6505556,57566
Florence Rgnl,FLO,Florence,SC,34.185361,-79.723889,34.1952778,-79.7627778,30517
Florida Keys Marathon Airport,MTH,Marathon,FL,24.726111,-81.051389,24.7133333,-81.0905556,10060
Flying Cloud Airport,FCM,Eden Prairie,MN,44.4938,-93.2726,44.8547222,-93.4705556,63319
Fond Du Lac County Airport,FLD,Fond du Lac,WI,43.7711667,-88.4884167,43.7730556,-88.4469444,41860
Foothills Regional Airport,MRN,Morganton,NC,35.8202336,-81.6115119,35.7452778,-81.685,17191
Forbes Fld,FOE,Topeka,KS,38.950944,-95.663611,39.0483333,-95.6777778,121570
Fort Collins Loveland Muni,FNL,Fort Collins,CO,40.451828,-105.011336,40.5852778,-105.0838889,129252
Fort Dodge Rgnl,FOD,Fort Dodge,IA,42.5512,-94.191842,42.4975,-94.1677778,26879
Fort Lauderdale Executive,FXE,Fort Lauderdale,FL,26.197281,-80.170706,26.1219444,-80.1436111,170510
Fort Lauderdale Hollywood Intl,FLL,Fort Lauderdale,FL,26.072583,-80.15275,26.1219444,-80.1436111,170510
Fort Smith Rgnl,FSM,Fort Smith,AR,35.336583,-94.367444,35.3858333,-94.3983333,81985
Fort Wayne,FWA,Fort Wayne,IN,40.978472,-85.195139,41.1305556,-85.1288889,229715
Fort Worth Alliance Airport,AFW,Fort Worth,TX,32.987778,-97.318889,32.7252778,-97.3205556,618119
Fort Worth Meacham Intl,FTW,Fort Worth,TX,32.819778,-97.362444,32.7252778,-97.3205556,618119
Fostoria Metropolitan Airport,FZI,Fostoria,OH,41.1908333,-83.3930833,41.1569444,-83.4169444,13673
Four Corners Rgnl,FMN,Farmington,NM,36.74125,-108.229944,36.7280556,-108.2180556,43278
Frank Wiley Field,MLS,Miles City,MT,46.428,-105.886,46.4083333,-105.84,8184
Fresno Yosemite Intl,FAT,Fresno,CA,36.776194,-119.71814,36.7477778,-119.7713889,465183
Friedman Mem,SUN,Hailey,ID,43.504444,-114.296194,43.5197222,-114.3144444,7922
Fullerton Municipal Airport,FUL,Fullerton,CA,33.521925,-117.584722,33.8702778,-117.9244444,135353
Fulton County Airport Brown Field,FTY,Atlanta,GA,33.7791,-84.5214,33.7488889,-84.3880556,422908
Gainesville Rgnl,GNV,Gainesville,FL,29.690056,-82.271778,29.6513889,-82.325,125684
Galion Municipal Airport,GQQ,Galion,OH,40.7533889,-82.7238056,40.7336111,-82.79,11349
Gallatin Field,BZN,Bozeman,MT,45.777643,-111.160151,45.6797222,-111.0377778,33178
Gallup Muni,GUP,Gallup,NM,35.511058,-108.789308,35.5280556,-108.7419444,19454
Garden City Rgnl,GCK,Garden City,KS,37.927528,-100.724417,37.9716667,-100.8722222,26425
Garner Field,UVA,Uvalde,TX,29.215429,-99.748962,29.2094444,-99.7858333,17904
Gary Chicago International Airport,GYY,Gary,IN,41.6163,-87.4128,41.5933333,-87.3463889,97966
General Edward Lawrence Logan Intl,BOS,Boston,MA,42.364347,-71.005181,42.3583333,-71.0602778,571281
General Mitchell Intl,MKE,Milwaukee,WI,42.947222,-87.896583,43.0388889,-87.9063889,579180
Genesee County Airport,GVQ,Batavia,NY,43.03175,-78.1696667,42.9980556,-78.1877778,15831
George Bush Intercontinental,IAH,Houston,TX,29.984433,-95.341442,29.7630556,-95.3630556,2027712
Georgetown County Airport,GGE,Georgetown,SC,33.3114018,-79.3203139,33.3766667,-79.2947222,8927
Georgetown Municipal Airport,GTU,Georgetown,TX,30.678809,-97.6793837,30.6325,-97.6769444,38895
Gerald R Ford Intl,GRR,Grand Rapids,MI,42.880833,-85.522806,42.9633333,-85.6680556,193852
Gilbert Airport,GIF,Winter Haven,FL,28.062778,-81.753333,28.0219444,-81.7330556,27938
Gillespie,SEE,El Cajon,CA,32.8262222,-116.9724444,32.7947222,-116.9616667,94807
Gillette-Campbell County Airport,GCC,Gillette,WY,44.3489167,-105.5393611,44.2911111,-105.5016667,23101
Glacier Park Intl,FCA,Kalispell,MT,48.310472,-114.256,48.1958333,-114.3119444,18018
Glendale Municipal Airport,GEU,Glendale,AZ,33.5269167,-112.2951389,33.5386111,-112.1852778,240112
Golden Triangle Regional Airport,GTR,Columbus,MS,33.450333,-88.591361,33.4955556,-88.4272222,24386
Grand Forks Intl,GFK,Grand Forks,ND,47.949256,-97.176111,47.9252778,-97.0325,48426
Grand Junction Regional,GJT,Grand Junction,CO,39.122413,-108.526735,39.0638889,-108.55,45938
Grant County Airport,SVC,Silver City,NM,32.6365,-108.156,32.77,-108.2797222,9745
Grants Milan Muni,GNT,Grants,NM,35.167286,-107.901989,35.1472222,-107.8508333,9067
Great Falls Intl,GTF,Great Falls,MT,47.482,-111.370689,47.5002778,-111.3,56075
Greater Binghamton Edwin A Link Fld,BGM,Binghamton,NY,42.208689,-75.979839,42.0986111,-75.9183333,45480
Greater Cumberland Rgnl.,CBE,Cumberland,MD,39.615278,-78.760556,39.6527778,-78.7627778,20347
Greater Kankakee,IKK,Kankakee,IL,41.071389,-87.846278,41.12,-87.8611111,26623
Greater Rochester Intl,ROC,Rochester,NY,43.118866,-77.672389,43.1547222,-77.6158333,211354
Greenville-Spartanburg International,GSP,Greenville,SC,34.895556,-82.218889,34.8525,-82.3941667,55559
Greenwood Leflore,GWO,Greenwood,MS,33.494328,-90.084706,33.5161111,-90.1794444,17162
Grider Fld,PBF,Pine Bluff,AR,34.173142,-91.935597,34.2283333,-92.0030556,53217
Griffing Sandusky,SKY,Sandusky,OH,41.433361,-82.652333,41.4488889,-82.7080556,26428
Griffiss Afld,RME,Rome,NY,43.2338,-75.407033,43.2127778,-75.4561111,34074
Grissom Arb,GUS,Peru,IN,40.648094,-86.152119,40.7536111,-86.0688889,12841
Groton New London,GON,Groton,CT,41.330056,-72.045139,41.35,-72.0788889,10363
Gulfport-Biloxi,GPT,Gulfport,MS,30.407278,-89.070111,30.3672222,-89.0927778,71329
Gwinnett County Airport-Briscoe Field,LZU,Lawrenceville,GA,33.9780761,-83.9623772,33.9561111,-83.9880556,29368
Hagerstown Regional Richard A Henson Field,HGR,Hagerstown,MD,39.7079,-77.7295,39.6416667,-77.7202778,37313
Halliburton Field Airport,DUC,Duncan,OK,34.4713056,-97.9598611,34.5022222,-97.9575,21788
Hancock County - Bar Harbor,BHB,Bar Harbor,ME,44.4497689,-68.3615653,44.3875,-68.2044444,6090
Hardwick Field Airport,HDI,Cleveland,TN,35.2199994,-84.832369,35.1594444,-84.8766667,37443
Harrisburg Intl,MDT,Harrisburg,PA,40.193494,-76.763403,40.2736111,-76.8847222,47840
Harrison Marion Regional Airport,CKB,Clarksburg,WV,39.2966,-80.2281,39.2805556,-80.3447222,16232
Hartford Brainard,HFD,Hartford,CT,41.736722,-72.649444,41.7636111,-72.6855556,124019
Hartsfield Jackson Atlanta Intl,ATL,Atlanta,GA,33.636719,-84.428067,33.7488889,-84.3880556,422908
Hattiesburg Bobby L. Chain Municipal Airport,HBG,Hattiesburg,MS,31.2649444,-89.2528889,31.3269444,-89.2902778,48123
Hattiesburg Laurel Regional Airport,PIB,Hattiesburg,MS,31.4671,-89.3371,31.3269444,-89.2902778,48123
Havre City Co,HVR,Havre,MT,48.542983,-109.762342,48.55,-109.6833333,9379
Hays Regional Airport,HYS,Hays,KS,38.8422,-99.2732,38.8791667,-99.3263889,19883
Hayward Executive Airport,HWD,Hayward,CA,37.6588888888889,-122.121666666667,37.6688889,-122.0797222,140494
Hazleton Municipal,HZL,Hazleton,PA,40.989167,-76.0025,40.9583333,-75.975,21961
Hector International Airport,FAR,Fargo,ND,46.92065,-96.8157639,46.8772222,-96.7894444,92103
Helena Rgnl,HLN,Helena,MT,46.606806,-111.98275,46.5927778,-112.0352778,27340
Henry Tift Myers Airport,TMA,Tifton,GA,31.4289814,-83.488545,31.4502778,-83.5086111,15902
Hickory Rgnl,HKY,Hickory,NC,35.741147,-81.38955,35.7330556,-81.3413889,40334
Hill Afb,HIF,Ogden,UT,41.123939,-111.973039,41.2230556,-111.9730556,78324
Hillsboro Muni,INJ,Hillsboro,TX,32.083486,-97.097228,32.0108333,-97.1297222,8936
Hilton Head,HHH,Hilton Head Island,SC,32.216,-80.752,32.2161111,-80.7527778,34457
Hilton Head Airport,HXD,Hilton Head Island,SC,32.2243611,-80.6974722,32.2161111,-80.7527778,34457
Holloman Afb,HMN,Alamogordo,NM,32.852519,-106.106525,32.8994444,-105.9597222,36058
Homestead Arb,HST,Homestead,FL,25.48855,-80.383567,25.4683333,-80.4777778,35379
Hondo Municipal Airport,HDO,Hondo,TX,29.3591,-99.1775,29.3472222,-99.1411111,8410
Honolulu Intl,HNL,Honolulu,HI,21.318681,-157.922428,21.3069444,-157.8583333,384241
Houlton Intl,HUL,Houlton,ME,46.123083,-67.792056,46.1261111,-67.8408333,6703
Huntsville International Airport-Carl T Jones Field,HSV,Huntsville,AL,34.6371944,-86.7750556,34.7302778,-86.5861111,167528
Huron Rgnl,HON,Huron,SD,44.3852,-98.228542,44.3633333,-98.2138889,11026
Hutchinson Municipal Airport,HUT,Hutchinson,KS,38.0655,-97.8606,38.0608333,-97.9294444,40596
Idaho Falls Rgnl,IDA,Idaho Falls,ID,43.514556,-112.07075,43.4666667,-112.0333333,52175
Idlewild Intl,IDL,New York,NY,40.639751,-73.778924,40.7141667,-74.0063889,8107916
Igor I Sikorsky Mem,BDR,Stratford,CT,41.163472,-73.126167,41.1844444,-73.1336111,51268
Illinois Valley Regional,VYS,Peru,IL,41.351944,-89.153056,41.3275,-89.1288889,9829
Immokalee,IMM,Immokalee,FL,26.433889,-81.401389,26.4183333,-81.4175,23322
Imperial Co,IPL,Imperial,CA,32.834219,-115.578744,32.8475,-115.5686111,10268
Indianapolis Intl,IND,Indianapolis,IN,39.717331,-86.294383,39.7683333,-86.1580556,773283
Indianapolis Metropolitan Airport,UMP,Indianapolis,IN,39.935278,-86.045,39.7683333,-86.1580556,773283
International Airport,OCF,Ocala,FL,29.1725,-82.224167,29.1869444,-82.1402778,49558
Iowa City Municipal Airport,IOW,Iowa City,IA,41.639244,-91.546503,41.6611111,-91.53,64170
Ithaca Tompkins Rgnl,ITH,Ithaca,NY,42.491028,-76.458444,42.4405556,-76.4969444,31159
Jack Northrop Fld Hawthorne Muni,HHR,Hawthorne,CA,33.922839,-118.335186,33.9163889,-118.3516667,87083
Jackson Evers Intl,JAN,Jackson,MS,32.311167,-90.075889,32.2986111,-90.1847222,176696
Jacksonville Intl,JAX,Jacksonville,FL,30.494056,-81.687861,30.3319444,-81.6558333,797557
Jacksonville Nas,NIP,Jacksonville,FL,30.235834,-81.680556,30.3319444,-81.6558333,797557
Jacqueline Cochran Regional Airport,TRM,Palm Springs,CA,33.626666,-116.1596667,33.8302778,-116.5444444,46680
James M Cox Dayton Intl,DAY,Dayton,OH,39.902375,-84.219375,39.7588889,-84.1916667,159134
Jamestown Regional Airport,JMS,Jamestown,ND,46.9297,-98.6782,46.9105556,-98.7080556,15081
Jefferson City Memorial Airport,JEF,Jefferson City,MO,38.5912,-92.1561,38.5766667,-92.1733333,35883
Jesup-Wayne County Airport,JES,Jesup,GA,31.553889,-81.8825,31.6072222,-81.8855556,9582
Jimmy Carter Regional,ACJ,Americus,GA,32.0665,-84.1133,32.0722222,-84.2327778,16817
John F Kennedy Intl,JFK,New York,NY,40.639751,-73.778925,40.7141667,-74.0063889,8107916
John H. Batten Airport,RAC,Racine,WI,42.7605,-87.8152,42.7261111,-87.7827778,79263
John Murtha Johnstown-Cambria County Airport,JST,Johnstown,PA,40.316111,-78.833889,40.3266667,-78.9222222,22357
John Wayne Arpt Orange Co,SNA,Santa Ana,CA,33.675667,-117.868222,33.7455556,-117.8669444,343054
Johnson County Airport,OJC,Olathe,KS,38.5051,-94.4415,38.8813889,-94.8188889,113647
Jonesboro Muni,JBR,Jonesboro,AR,35.831708,-90.646417,35.8422222,-90.7041667,58619
Joplin Rgnl,JLN,Joplin,MO,37.151814,-94.498269,37.0841667,-94.5130556,46818
Kalamazoo,AZO,Kalamazoo,MI,42.234875,-85.552058,42.2916667,-85.5872222,74138
Kansas City Intl,MCI,Kansas City,MO,39.297606,-94.713905,39.0997222,-94.5783333,442028
Kearney Municipal Airport,EAR,Kearney,NE,40.727,-99.0068,40.6994444,-99.0811111,28758
Keesler Afb,BIX,Biloxi,MS,30.410425,-88.924433,30.3958333,-88.8852778,47661
Kelso Longview,KLS,Kelso,WA,46.118,-122.898389,46.1469444,-122.9072222,11648
Kendall Tamiami Executive,TMB,Miami,FL,25.647889,-80.432777,25.7738889,-80.1938889,382894
Keokuk Municipal Airport,EOK,Keokuk,IA,40.4599078,-91.4285011,40.3972222,-91.3847222,10645
Kerrville Municipal Airport,ERV,Kerrville,TX,29.9766667,-99.0854722,30.0472222,-99.14,21894
Key Field,MEI,Meridian,MS,32.332624,-88.751868,32.3641667,-88.7036111,39437
Key West Intl,EYW,Key West,FL,24.556111,-81.759556,24.5552778,-81.7827778,24646
Key West Nas,NQX,Key West,FL,24.575834,-81.688889,24.5552778,-81.7827778,24646
Kingman Airport,IGM,Kingman,AZ,35.2595,-113.938,35.1894444,-114.0522222,24431
Kingsville Nas,NQI,Kingsville,TX,27.507223,-97.809723,27.5155556,-97.8558333,25264
Kinston Regional Jetport,ISO,Kinston,NC,35.331389,-77.608889,35.2625,-77.5819444,22475
Kirksville Regional Airport,IRK,Kirksville,MO,40.0935,-92.5449,40.1947222,-92.5830556,16973
Kissimmee Gateway Airport,ISM,Kissimmee,FL,28.289806,-81.437083,28.2916667,-81.4077778,63685
Klamath Falls Airport,LMT,Klamath Falls,OR,42.1561,-121.733,42.225,-121.7805556,19203
Knox County Regional Airport,RKD,Rockland,ME,44.0601111,-69.0992303,44.1036111,-69.1094444,7527
Knoxville Downtown Island Airport,DKX,Knoxville,TN,35.9638333,-83.8736667,35.9605556,-83.9208333,172474
Kodiak,ADQ,Kodiak,AK,57.749967,-152.493856,57.79,-152.4072222,6148
La Crosse Municipal,LSE,La Crosse,WI,43.878986,-91.256711,43.8013889,-91.2394444,50470
La Guardia,LGA,New York,NY,40.777245,-73.872608,40.7141667,-74.0063889,8107916
Lackland Afb Kelly Fld Annex,SKF,San Antonio,TX,29.384228,-98.581108,29.4238889,-98.4933333,1256810
Lafayette Rgnl,LFT,Lafayette,LA,30.205278,-91.987611,30.2238889,-92.0197222,112197
Lake Charles Rgnl,LCH,Lake Charles,LA,30.126112,-93.223335,30.2263889,-93.2172222,70309
Lake City Municipal Airport,LCQ,Lake City,FL,30.181944,-82.576944,30.1894444,-82.6394444,10924
Lake Cumberland Regional Airport,SME,Somerset,KY,37.053611,-84.615556,37.0919444,-84.6041667,12142
Lake Havasu City Airport,HII,Lake Havasu City,AZ,34.5711111,-114.3582778,34.4838889,-114.3216667,54752
Lake Tahoe Airport,TVL,South Lake Tahoe,CA,38.893889,-119.995278,38.9333333,-119.9833333,23925
Lakefront,NEW,New Orleans,LA,30.0424167,-90.02825,29.9544444,-90.075,459336
Lakeland Linder Regional Airport,LAL,Lakeland,FL,27.9889167,-82.0185556,28.0391667,-81.95,90761
Lamar Muni,LAA,Lamar,CO,38.069694,-102.6885,38.0872222,-102.6202778,8514
Lancaster Airport,LNS,Lancaster,PA,40.1217,-76.2961,40.0377778,-76.3058333,54735
Langley Afb,LFI,Hampton,VA,37.082881,-76.360547,37.0297222,-76.3455556,147993
Lansing Municipal,IGQ,Lansing,IL,41.5349167,-87.5295278,41.5647222,-87.5388889,27667
Laramie Regional Airport,LAR,Laramie,WY,41.3121,-105.675,41.3113889,-105.5905556,26934
Laredo Intl,LRD,Laredo,TX,27.54375,-99.461556,27.5061111,-99.5072222,210769
Las Cruces Intl,LRU,Las Cruces,NM,32.289417,-106.921972,32.3122222,-106.7777778,80184
Las Vegas Muni,LVS,Las Vegas,NM,35.654222,-105.142389,35.5938889,-105.2233333,14044
Laughlin Afb,DLF,Del Rio,TX,29.359486,-100.777975,29.3625,-100.8963889,36068
Laughlin-Bullhead Intl,IFP,Bullhead City,AZ,35.1574,-114.56,35.1477778,-114.5675,37989
Laurence G Hanscom Fld,BED,Bedford,NH,42.469953,-71.289031,42.9463889,-71.5163889,21188
Lawrence J Timmerman Airport,MWC,Milwaukee,WI,43.1103889,-88.0344167,43.0388889,-87.9063889,579180
Lawrence Municipal,LWC,Lawrence,KS,39.009167,-95.2175,38.9716667,-95.235,83314
Lawrence Municipal Airport,LWM,Lawrence,MA,42.7171944,-71.1234167,42.7069444,-71.1636111,72609
Lawton-Fort Sill Regional Airport,LAW,Lawton,OK,34.5677144,-98.4166367,34.6086111,-98.39,91752
Lea Co Rgnl,HOB,Hobbs,NM,32.687528,-103.217028,32.7025,-103.1355556,28013
Lebanon Municipal Airport,LEB,Lebanon,NH,43.6261,-72.3042,43.6422222,-72.2522222,12853
Lebanon State,S30,Lebanon,OR,44.3179,-122.5577,44.5366667,-122.9058333,13487
Lee Airport,ANP,Annapolis,MD,38.942778,-76.568333,38.9783333,-76.4925,36252
Lee Gilmer Memorial Airport,GVL,Gainesville,GA,34.272627,-83.8302233,34.2977778,-83.8241667,33297
Leesburg Executive Airport,JYO,Leesburg,VA,39.078,-77.558,39.1155556,-77.5638889,37053
Lehigh Valley Intl,ABE,Allentown,PA,40.652083,-75.440806,40.6083333,-75.4905556,105519
Lemoore Nas,NLC,Lemoore,CA,36.333012,-119.95208,36.3008333,-119.7819444,22763
Lewis University Airport,LOT,Lockport,IL,41.606326,-88.083003,41.5894444,-88.0577778,22146
Lewiston Maine,LEW,Lewiston,ME,44.0484728,-70.2835075,44.1002778,-70.2152778,36199
Lewiston Nez Perce Co,LWS,Lewiston,ID,46.3745,-117.015389,46.4166667,-117.0166667,31422
Lewistown Municipal Airport,LWT,Lewistown,MT,47.0493,-109.467,47.0625,-109.4275,5918
Liberal Muni,LBL,Liberal,KS,37.044222,-100.95986,37.0430556,-100.9205556,20182
Lima Allen County Airport,AOH,Lima,OH,40.707478,-84.0270781,40.7425,-84.1052778,39906
Lincoln,LNK,Lincoln,NE,40.850971,-96.75925,40.8,-96.6666667,242072
Lincoln Regional Airport Karl Harder Field,LHM,Lincoln,CA,38.9091667,-121.3513333,38.8916667,-121.2919444,33242
Linden Airport,LDJ,Linden,NJ,40.6174472,-74.2445942,40.6219444,-74.245,39878
Little Rock Afb,LRF,Jacksonville,AR,34.916944,-92.149722,34.8661111,-92.11,30520
Livermore Municipal,LVK,Livermore,CA,37.41362,-121.49133,37.6819444,-121.7669444,80347
Logan-Cache,LGU,Logan,UT,41.791,-111.852,41.7355556,-111.8336111,44838
Lompoc Airport,LPC,Lompoc,CA,34.6656,-120.4675,34.6391667,-120.4569444,40957
Lone Star Executive,CXO,Conroe,TX,30.351833,-95.414467,30.3116667,-95.4558333,41643
Long Beach,LGB,Long Beach,CA,33.817722,-118.151611,33.7669444,-118.1883333,482618
Long Island Mac Arthur,ISP,Central Islip,NY,40.79525,-73.100222,40.7905556,-73.2022222,34907
Lorain County Regional Airport,LPR,Lorain,OH,41.3442778,-82.1776389,41.4527778,-82.1825,67920
Los Alamos Airport,LAM,Los Alamos,NM,35.8798019,-106.2694153,35.8880556,-106.3063889,11761
Los Angeles Intl,LAX,Los Angeles,CA,33.942536,-118.408075,34.0522222,-118.2427778,3877129
Lost Nation Municipal Airport,LNN,Willoughby,OH,41.6840278,-81.38975,41.6397222,-81.4066667,22352
Louis Armstrong New Orleans Intl,MSY,New Orleans,LA,29.993389,-90.258028,29.9544444,-90.075,459336
Louisville International Airport,SDF,Louisville,KY,38.1740858,-85.7364989,38.2541667,-85.7594444,243639
Lovell Fld,CHA,Chattanooga,TN,35.035278,-85.203808,35.0455556,-85.3097222,154024
Lubbock Preston Smith Intl,LBB,Lubbock,TX,33.663639,-101.822778,33.5777778,-101.8547222,211387
Luke Afb,LUF,Phoenix,AZ,33.535,-112.38306,33.4483333,-112.0733333,1428509
Lynchburg Regional Preston Glenn Field,LYH,Lynchburg,VA,37.3267,-79.2004,37.4136111,-79.1425,65517
Macdill Afb,MCF,Tampa,FL,27.849339,-82.521214,27.9472222,-82.4586111,324465
Madera Municipal Airport,MAE,Madera,CA,36.9886111,-120.1124444,36.9613889,-120.0597222,51451
Magic Valley Regional Airport,TWF,Twin Falls,ID,42.481803,-114.487733,42.5630556,-114.46,38602
Mahlon Sweet Fld,EUG,Eugene,OR,44.124583,-123.211972,44.0522222,-123.0855556,145208
Manchester Regional Airport,MHT,Manchester,NH,42.932556,-71.435667,42.9955556,-71.4552778,109877
Manhattan Reigonal,MHK,Manhattan,KS,39.140972,-96.670833,39.1836111,-96.5713889,45629
Mansfield Lahm Regional,MFD,Mansfield,OH,40.8214167,-82.5166389,40.7583333,-82.5155556,50310
March Arb,RIV,Riverside,CA,33.880711,-117.259453,33.9533333,-117.3952778,297554
Marshfield Municipal Airport,GHG,Marshfield,MA,42.09825,-70.6721389,42.0916667,-70.7061111,40849
Martin State,MTN,Baltimore,MD,39.3256667,-76.4137778,39.2902778,-76.6125,610892
Mason City Municipal,MCW,Mason City,IA,43.2247,-93.4067,43.1536111,-93.2008333,27802
Massena Intl Richards Fld,MSS,Massena,NY,44.935833,-74.845547,44.9280556,-74.8922222,10892
Maxwell Afb,MXF,Montgomery,AL,32.382944,-86.365778,32.3666667,-86.3,198325
Mbs Intl,MBS,Saginaw,MI,43.532913,-84.079647,43.4194444,-83.9508333,57536
Mc Carran Intl,LAS,Las Vegas,NV,36.080056,-115.15225,36.175,-115.1363889,540111
Mc Chord Afb,TCM,Tacoma,WA,47.137678,-122.476475,47.2530556,-122.4430556,196957
Mc Clellan Afld,MCC,Sacramento,CA,38.667639,-121.400611,38.5816667,-121.4933333,467898
Mc Connell Afb,IAB,Wichita,KS,37.621853,-97.268192,37.6922222,-97.3372222,355244
Mc Ghee Tyson,TYS,Knoxville,TN,35.810972,-83.994028,35.9605556,-83.9208333,172474
Mc Kellar Sipes Rgnl,MKL,Jackson,TN,35.599889,-88.915611,35.6144444,-88.8138889,62080
McKinnon Airport,SSI,Brunswick,GA,31.1519722,-81.3910556,31.1497222,-81.4916667,16486
McMinn Co,MMI,Athens,TN,35.39919,-84.56177,35.4427778,-84.5930556,13900
McNary Field,SLE,Salem,OR,44.9095,-123.003,44.9430556,-123.0338889,146922
Meadows Fld,BFL,Bakersfield,CA,35.433598,-119.05677,35.3733333,-119.0177778,291389
Meigs Field,CGX,Chicago,IL,41.860278,-87.609722,41.85,-87.65,2841952
Melbourne Intl,MLB,Melbourne,FL,28.102753,-80.645258,28.0833333,-80.6083333,76326
Memorial Field,HOT,Hot Springs,AR,34.478,-93.0962,34.5036111,-93.055,37470
Memphis Intl,MEM,Memphis,TN,35.042417,-89.976667,35.1494444,-90.0488889,641608
Merced Municipal Airport,MCE,Merced,CA,37.284722,-120.513889,37.3022222,-120.4819444,72619
Mercer County Airport,BLF,Bluefield,WV,37.2958,-81.2077,37.2697222,-81.2225,10945
Meridian Nas,NMM,Meridian,MS,32.552083,-88.555557,32.3641667,-88.7036111,39437
Mesa Falcon Field,FFZ,Mesa,AZ,33.4608001708984,-111.727996826172,33.4222222,-111.8219444,449878
Metropolitan Oakland Intl,OAK,Oakland,CA,37.721278,-122.220722,37.8044444,-122.2697222,394579
Miami Intl,MIA,Miami,FL,25.79325,-80.290556,25.7738889,-80.1938889,382894
Michigan City Municipal Airport,MGC,Michigan City,IN,41.7033,-86.8211,41.7075,-86.895,31903
Mid Delta Regional Airport,GLH,Greenville,MS,33.4829,-90.9856,33.41,-91.0616667,38107
Mid-Ohio Valley Regional Airport,PKB,Parkersburg,WV,39.3451039,-81.4392031,39.2666667,-81.5616667,31564
Middle Georgia Rgnl,MCN,Macon,GA,32.69285,-83.649211,32.8405556,-83.6325,94273
Midland Intl,MAF,Midland,TX,31.942528,-102.201914,31.9972222,-102.0775,97782
Millington Rgnl Jetport,NQA,Millington,TN,35.356667,-89.870278,35.3413889,-89.8972222,10021
Millinocket Muni,MLT,Millinocket,ME,45.647836,-68.685561,45.6572222,-68.7102778,5105
Millville Muni,MIV,Millville,NJ,39.367806,-75.072222,39.4019444,-75.0397222,27390
Mineral Wells,MWL,Mineral Wells,TX,32.781606,-98.060175,32.8083333,-98.1125,16993
Minneapolis St Paul Intl,MSP,Minneapolis,MN,44.881956,-93.221767,44.98,-93.2636111,367773
Minot Afb,MIB,Minot,ND,48.415572,-101.357661,48.2325,-101.2958333,34885
Minot Intl,MOT,Minot,ND,48.259378,-101.280333,48.2325,-101.2958333,34885
Mission Field Airport,LVM,Livingston,MT,45.6993889,-110.4483056,45.6625,-110.5602778,7155
Missoula Intl,MSO,Missoula,MT,46.916306,-114.090556,46.8722222,-113.9930556,63164
Mobile Downtown,BFM,Mobile,AL,30.626783,-88.068092,30.6941667,-88.0430556,190274
Mobile Rgnl,MOB,Mobile,AL,30.691231,-88.242814,30.6941667,-88.0430556,190274
Modesto City Co Harry Sham,MOD,Modesto,CA,37.625817,-120.954422,37.6391667,-120.9958333,216008
Moffett Federal Afld,NUQ,Mountain View,CA,37.416142,-122.049139,37.3861111,-122.0827778,68268
Monroe County Airport,BMG,Bloomington,IN,39.1460208,-86.6166805,39.1652778,-86.5263889,71253
Monroe Rgnl,MLU,Monroe,LA,32.510864,-92.037689,32.5091667,-92.1191667,51625
Monterey Peninsula,MRY,Monterey,CA,36.587,-121.842944,36.6002778,-121.8936111,30307
Montgomery County Airpark,GAI,Gaithersburg,MD,39.1006,-77.09576,39.1433333,-77.2016667,60062
Montgomery Regional Airport,MGM,Montgomery,AL,32.3006389,-86.3939722,32.3666667,-86.3,198325
Montrose Regional Airport,MTJ,Montrose,CO,38.509794,-107.894242,38.4783333,-107.8755556,15138
Moody Afb,VAD,Valdosta,GA,30.967833,-83.193,30.8325,-83.2786111,45661
Moore County Airport,SOP,Southern Pines,NC,35.2376111,-79.3887958,35.1738889,-79.3925,11640
Morgantown Muni Walter L Bill Hart Fld,MGW,Morgantown,WV,39.642908,-79.916314,39.6294444,-79.9561111,28957
Morristown Municipal Airport,MMU,Morristown,NJ,40.79935,-74.4148747,40.7966667,-74.4819444,18886
Mount Pleasant Regional-Faison Field,LRO,Mount Pleasant,SC,32.5387,-79.4697,32.7938889,-79.8627778,59105
Mountain Home Afb,MUO,Mountain Home,ID,43.043603,-115.872431,43.1330556,-115.6902778,11287
Municipal Airport,AIK,Aiken,SC,33.6493889,-81.6850278,33.5602778,-81.7197222,27237
Muskegon County Airport,MKG,Muskegon,MI,43.1695,-86.2382,43.2341667,-86.2483333,40112
Myrtle Beach Intl,MYR,Myrtle Beach,SC,33.67975,-78.928333,33.6888889,-78.8869444,25310
NAS Alameda,NGZ,Alameda,CA,37.7861,-122.3186,37.7652778,-122.2405556,70443
NW Arkansas Regional,XNA,Bentonville,AR,36.2818694,-94.3068111,36.3727778,-94.2086111,31470
Nantucket Mem,ACK,Nantucket,MA,41.253053,-70.060181,41.2833333,-70.1,14775
Napa County Airport,APC,Napa,CA,38.2131944,-122.2806944,38.2972222,-122.2844444,77015
Naples Muni,APF,Naples,FL,26.152619,-81.775294,26.1416667,-81.795,21498
Nashville Intl,BNA,Nashville,TN,36.124472,-86.678194,36.1658333,-86.7844444,530852
Natrona Co Intl,CPR,Casper,WY,42.908,-106.464417,42.8666667,-106.3125,51507
Naval Air Station,NBU,Glenview,IL,42.090556,-87.8225,42.0697222,-87.7877778,46539
Nellis Afb,LSV,Las Vegas,NV,36.236197,-115.034253,36.175,-115.1363889,540111
New Bedford Regional Airport,EWB,New Bedford,MA,41.6761,-70.9569,41.6361111,-70.9347222,94083
New Castle,ILG,Wilmington,DE,39.678722,-75.606528,39.7458333,-75.5469444,71356
New Orleans Nas Jrb,NBG,New Orleans,LA,29.825333,-90.035,29.9544444,-90.075,459336
Newark Liberty Intl,EWR,Newark,NJ,40.6925,-74.168667,40.7355556,-74.1727778,280123
Newport News Williamsburg Intl,PHF,Newport News,VA,37.131894,-76.492989,36.9786111,-76.4283333,183444
Newton City-County Airport,EWK,Newton,KS,38.0570785,-97.2752278,38.0466667,-97.3447222,18113
Niagara Falls Intl,IAG,Niagara Falls,NY,43.107333,-78.946194,43.0944444,-79.0569444,53054
Nogales Intl,OLS,Nogales,AZ,31.417722,-110.84789,31.3402778,-110.9336111,20707
Norfolk Intl,ORF,Norfolk,VA,36.894611,-76.201222,36.8466667,-76.2855556,246216
Norfolk Ns,NGU,Norfolk,VA,36.937644,-76.289289,36.8466667,-76.2855556,246216
Norman Y Mineta San Jose Intl,SJC,San Jose,CA,37.3626,-121.929022,37.3394444,-121.8938889,897460
North Central State,SFZ,Smithfield,RI,41.920764,-71.491381,41.9219444,-71.55,21872
North Island Nas,NZY,San Diego,CA,32.699219,-117.21531,32.7152778,-117.1563889,1287050
North Perry,HWO,Hollywood,FL,26.001222,-80.240722,26.0108333,-80.1497222,144821
North Platte Regional Airport Lee Bird Field,LBF,North Platte,NE,41.1262,-100.684,41.1238889,-100.765,24172
Northeast Alabama Regional Airport,GAD,Gadsden,AL,33.9726489,-86.0890834,34.0141667,-86.0066667,36821
Northeast Philadelphia,PNE,Philadelphia,PA,40.081944,-75.010586,39.9522222,-75.1641667,1453268
Northern Maine Rgnl At Presque Isle,PQI,Presque Isle,ME,46.688958,-68.044797,46.6811111,-68.0163889,9466
Northwest Alabama Regional Airport,MSL,Muscle Shoals,AL,34.7453,-87.6102,34.7447222,-87.6675,12314
Norwood Memorial Airport,OWD,Norwood,MA,42.1905278,-71.1729444,42.1944444,-71.2,28625
Oakland Co. Intl,PTK,Pontiac,MI,42.667,-83.35,42.6388889,-83.2911111,67994
Offutt Afb,OFF,Omaha,NE,41.118332,-95.912511,41.2586111,-95.9375,413487
Ogdensburg Intl,OGS,Ogdensburg,NY,44.681854,-75.4655,44.6941667,-75.4866667,11455
Ohio State University Airport,OSU,Columbus,OH,40.0798,-83.073,39.9611111,-82.9988889,736836
Olive Branch Muni,OLV,Olive Branch,MS,34.876944,-89.783333,34.9616667,-89.8294444,27748
Olympia Regional Airpor,OLM,Olympia,WA,46.9694044,-122.9025447,47.0380556,-122.8994444,44916
Ontario Intl,ONT,Ontario,CA,34.056,-117.601194,34.0633333,-117.65,172808
Opa Locka,OPF,Miami,FL,25.907,-80.278389,25.7738889,-80.1938889,382894
Orlando Intl,MCO,Orlando,FL,28.429394,-81.308994,28.5380556,-81.3794444,207970
Orlando Sanford Intl,SFB,Sanford,FL,28.777639,-81.237489,28.8002778,-81.2733333,45289
Ormond Beach municipal Airport,OMN,Ormond Beach,FL,29.1804,-81.06497,29.2855556,-81.0561111,38455
Otis Angb,FMH,Falmouth,MA,41.658439,-70.521417,41.5513889,-70.6152778,59431
Owensboro Daviess County Airport,OWB,Owensboro,KY,37.7401,-87.1668,37.7741667,-87.1133333,54478
Oxnard - Ventura County,OXR,Oxnard,CA,34.200833,-119.207222,34.1975,-119.1761111,187235
Page Fld,FMY,Fort Myers,FL,26.586611,-81.86325,26.6402778,-81.8725,53015
Palm Beach Co Park,LNA,West Palm Beach,FL,26.593,-80.085056,26.715,-80.0536111,93620
Palm Beach Intl,PBI,West Palm Beach,FL,26.683161,-80.095589,26.715,-80.0536111,93620
Palm Springs Intl,PSP,Palm Springs,CA,33.829667,-116.506694,33.8302778,-116.5444444,46680
Palmdale Rgnl Usaf Plt 42,PMD,Palmdale,CA,34.629391,-118.08456,34.5794444,-118.1155556,135294
Palo Alto Airport of Santa Clara County,PAO,Palo Alto,CA,37.4611111,-122.1150556,37.4419444,-122.1419444,56508
Panama City Bay Co Intl,PFN,Panama City,FL,30.212083,-85.682806,30.1586111,-85.6602778,37633
Panama City-NW Florida Bea.,ECP,Panama City,FL,30.3417,-85.7973,30.1586111,-85.6602778,37633
Pangborn Field,EAT,Wenatchee,WA,47.398,-120.206,47.4236111,-120.3091667,29159
Pease International Tradeport,PSM,Portsmouth,NH,43.0779,-70.8233,43.0716667,-70.7630556,20954
Pecos Municipal Airport,PEQ,Pecos,TX,31.3823889,-103.5107222,31.4227778,-103.4927778,8372
Pensacola Nas,NPA,Pensacola,FL,30.352656,-87.318647,30.4211111,-87.2169444,54104
Pensacola Rgnl,PNS,Pensacola,FL,30.473425,-87.186611,30.4211111,-87.2169444,54104
Peoria Regional,PIA,Peoria,IL,40.664203,-89.693258,40.6936111,-89.5888889,113004
Philadelphia Intl,PHL,Philadelphia,PA,39.871944,-75.241139,39.9522222,-75.1641667,1453268
Philip Billard Muni,TOP,Topeka,KS,39.068657,-95.622482,39.0483333,-95.6777778,121570
Phillips Aaf,APG,Aberdeen,MD,39.466219,-76.168808,39.5094444,-76.1644444,14437
Phoenix Regional Airport,A39,Phoenix,AZ,32.99169921875,-111.920997619629,33.4483333,-112.0733333,1428509
Phoenix Sky Harbor Intl,PHX,Phoenix,AZ,33.434278,-112.011583,33.4483333,-112.0733333,1428509
Piedmont Triad,GSO,Greensboro,NC,36.09775,-79.937306,36.0725,-79.7922222,231769
Pierre Regional Airport,PIR,Pierre,SD,44.3827,-100.286,44.3683333,-100.3505556,13879
Pinal Airpark,MZJ,Marana,AZ,32.509722,-111.325278,32.4366667,-111.2247222,25553
Pitt-Greenville Airport,PGV,Greenville,NC,35.635278,-77.385278,35.6125,-77.3666667,70757
Pittsburgh Intl,PIT,Pittsburgh,PA,40.491467,-80.232872,40.4405556,-79.9961111,319494
Plattsburgh Intl,PBG,Plattsburgh,NY,44.650944,-73.468139,44.6994444,-73.4533333,19229
Plymouth Municipal Airport,PYM,Plymouth,MA,41.9090278,-70.7287778,41.9583333,-70.6677778,90615
Pocatello Regional Airport,PIH,Pocatello,ID,42.9098,-112.596,42.8713889,-112.4447222,50656
Pompano Beach Airpark,PMP,Pompano Beach,FL,26.2471389,-80.1110556,26.2375,-80.125,89715
Ponca City Rgnl,PNC,Ponca City,OK,36.731958,-97.099781,36.7069444,-97.0852778,25273
Poplar Bluff Municipal Airport,POF,Poplar Bluff,MO,36.77394444,-90.3248611,36.7569444,-90.3927778,16488
Port Angeles Cgas,NOW,Port Angeles,WA,48.141481,-123.414075,48.1183333,-123.4294444,18636
Port Columbus Intl,CMH,Columbus,OH,39.997972,-82.891889,39.9611111,-82.9988889,736836
Portland Hillsboro,HIO,Hillsboro,OR,45.540394,-122.949825,45.5230556,-122.9886111,82320
Portland Intl,PDX,Portland,OR,45.588722,-122.5975,45.5236111,-122.675,540513
Portland Intl Jetport,PWM,Portland,ME,43.646161,-70.309281,43.6613889,-70.2558333,63142
Portland Troutdale,TTD,Troutdale,OR,45.54937,-122.401253,45.5394444,-122.3861111,15205
Provo Municipal Airport,PVU,Provo,UT,40.21805555,-111.72222222,40.2338889,-111.6577778,105764
Pueblo Memorial,PUB,Pueblo,CO,38.289085,-104.496572,38.2544444,-104.6086111,104293
Pullman-Moscow Rgnl,PUW,Pullman,WA,46.743861,-117.109583,46.7313889,-117.1786111,25636
Quad City Intl,MLI,Moline,IL,41.448528,-90.507539,41.5066667,-90.515,42668
Quincy Regional Baldwin Field,UIN,Quincy,IL,39.9427,-91.1946,39.9355556,-91.4097222,39731
Raleigh County Memorial Airport,BKW,Beckley,WV,37.7873,-81.1242,37.7780556,-81.1883333,16880
Raleigh Durham Intl,RDU,Raleigh,NC,35.877639,-78.787472,35.7719444,-78.6388889,338759
Ramona Airport,RNM,Ramona,CA,33.0391667,-116.91525,33.0416667,-116.8672222,17373
Randolph Afb,RND,San Antonio,TX,29.529675,-98.2789,29.4238889,-98.4933333,1256810
Rapid City Regional Airport,RAP,Rapid City,SD,44.045278,-103.057222,44.0805556,-103.2305556,61888
Reading Regional Carl A Spaatz Field,RDG,Reading,PA,40.3785,-75.9652,40.3355556,-75.9272222,79799
Redding Muni,RDD,Redding,CA,40.509,-122.293389,40.5866667,-122.3905556,91685
Redlands Municipal Airport,REI,Redlands,CA,34.08525,-117.146388,34.0555556,-117.1816667,70287
Regional - Hendricks AAF,SEF,Sebring,FL,27.456389,-81.342222,27.4952778,-81.4411111,10030
Regional Airport,JOT,Joliet,IL,41.517778,-88.175556,41.525,-88.0816667,134957
Reno Tahoe Intl,RNO,Reno,NV,39.499108,-119.768108,39.5297222,-119.8127778,202142
Renton,RNT,Renton,WA,47.4931389,-122.21575,47.4830556,-122.2158333,56141
Reynolds Field,JXN,Jackson,MI,42.260556,-84.460556,42.2458333,-84.4013889,34416
Richard B Russell Airport,RMG,Rome,GA,34.3507778,-85.1586667,34.2569444,-85.1647222,35452
Richard Lloyd Jones Jr Airport,RVS,Tulsa,OK,36.0396111,-95.9846389,36.1538889,-95.9925,382005
Richmond County Airport,RCZ,Rockingham,NC,34.8913056,-79.7596111,34.9391667,-79.7741667,9053
Richmond Intl,RIC,Richmond,VA,37.505167,-77.319667,37.5536111,-77.4605556,190886
Richmond Municipal Airport,RID,Richmond,IN,39.7561006,-84.8427175,39.8288889,-84.8902778,37631
Rick Husband Amarillo Intl,AMA,Amarillo,TX,35.219369,-101.705931,35.2219444,-101.8308333,181766
Rickenbacker Intl,LCK,Columbus,OH,39.813786,-82.927822,39.9611111,-82.9988889,736836
Riverside Muni,RAL,Riverside,CA,33.951875,-117.445103,33.9533333,-117.3952778,297554
Riverton Regional,RIW,Riverton,WY,43.064167,-108.459722,43.025,-108.3794444,9192
Roanoke Regional,ROA,Roanoke,VA,37.325472,-79.975417,37.2708333,-79.9416667,91168
Robert Gray Aaf,GRK,Killeen,TX,31.06725,-97.828917,31.1169444,-97.7275,103009
Roberts Fld,RDM,Bend,OR,44.254066,-121.149964,44.0583333,-121.3141667,65756
Robins Afb,WRB,Macon,GA,32.640144,-83.59185,32.8405556,-83.6325,94273
Rochester,RST,Rochester,MN,43.908283,-92.500014,44.0216667,-92.4697222,96355
Rock Springs Sweetwater County Airport,RKS,Rock Springs,WY,41.5942,-109.065,41.5875,-109.2022222,18226
Rocky Mount Wilson Regional Airport,RWI,Rocky Mount,NC,35.8563,-77.8919,35.9380556,-77.7908333,55997
Rocky Mountain Metropolitan Airport,BJC,Broomfield,CO,39.90888888,-105.11722222,39.9205556,-105.0861111,44692
Rogue Valley Intl Medford,MFR,Medford,OR,42.374228,-122.8735,42.3266667,-122.8744444,69638
Ronald Reagan Washington Natl,DCA,Washington,DC,38.852083,-77.037722,38.895,-77.0366667,552433
Roswell Intl Air Center,ROW,Roswell,NM,33.301556,-104.530556,33.3941667,-104.5225,44069
Rutland State Airport,RUT,Rutland,VT,43.5294,-72.9496,43.6105556,-72.9730556,17043
Sacramento Executive,SAC,Sacramento,CA,38.512524,-121.49347,38.5816667,-121.4933333,467898
Sacramento Intl,SMF,Sacramento,CA,38.695417,-121.590778,38.5816667,-121.4933333,467898
Sacramento Mather,MHR,Sacramento,CA,38.553897,-121.297592,38.5816667,-121.4933333,467898
Safford Regional Airport,SAD,Safford,AZ,32.8533333,-109.6350833,32.8338889,-109.7069444,8825
Saint Cloud Regional Airport,STC,Saint Cloud,MN,45.546556,-94.059889,45.5608333,-94.1622222,59154
Salina Municipal Airport,SLN,Salina,KS,38.791,-97.6522,38.8402778,-97.6111111,45723
Salisbury Ocean City Wicomico Rgnl,SBY,Salisbury,MD,38.340525,-75.510289,38.3605556,-75.5997222,26352
Salt Lake City Intl,SLC,Salt Lake City,UT,40.788389,-111.977772,40.7608333,-111.8902778,178026
San Angelo Rgnl Mathis Fld,SJT,San Angelo,TX,31.35775,-100.496306,31.4636111,-100.4366667,88256
San Antonio Intl,SAT,San Antonio,TX,29.533694,-98.469778,29.4238889,-98.4933333,1256810
San Bernardino International Airport,SBD,San Bernardino,CA,34.0953521,-117.2348722,34.1083333,-117.2888889,202381
San Carlos Airport,SQL,San Carlos,CA,37.511944,-122.249444,37.5072222,-122.2594444,26630
San Diego Intl,SAN,San Diego,CA,32.733556,-117.189667,32.7152778,-117.1563889,1287050
San Francisco Intl,SFO,San Francisco,CA,37.618972,-122.374889,37.775,-122.4183333,732072
San Luis County Regional Airport,SBP,San Luis Obispo,CA,35.2368,-120.642,35.2827778,-120.6586111,44132
San Luis Valley Regional Airport,ALS,Alamosa,CO,37.435,-105.866667,37.4694444,-105.8694444,8771
Santa Barbara Muni,SBA,Santa Barbara,CA,34.426211,-119.840372,34.4208333,-119.6972222,86681
Santa Fe Muni,SAF,Santa Fe,NM,35.617108,-106.089422,35.6869444,-105.9372222,69205
Santa Maria Pub Cpt G Allan Hancock Airport,SMX,Santa Maria,CA,34.8989,-120.457,34.9530556,-120.4347222,85480
Santa Monica Municipal Airport,SMO,Santa Monica,CA,34.0158333,-118.4513056,34.0194444,-118.4902778,88338
Sarasota Bradenton Intl,SRQ,Sarasota,FL,27.395444,-82.554389,27.3361111,-82.5308333,53327
Savannah Hilton Head Intl,SAV,Savannah,GA,32.127583,-81.202139,32.0833333,-81.1,126119
Sawyer International Airport,MQT,Marquette,MI,46.353611,-87.395278,46.5436111,-87.3952778,20831
Scholes Intl At Galveston,GLS,Galveston,TX,29.265322,-94.860406,29.3011111,-94.7975,56420
Scott Afb Midamerica,BLV,Belleville,IL,38.545178,-89.835183,38.52,-89.9838889,40919
Seattle Tacoma Intl,SEA,Seattle,WA,47.449,-122.309306,47.6063889,-122.3308333,569369
Selfield Airport,SES,Selma,AL,32.4404,-86.9522,32.4072222,-87.0211111,18980
Selfridge Angb,MTC,Mount Clemens,MI,42.608333,-82.8355,42.5972222,-82.8780556,16776
Seymour Johnson Afb,GSB,Goldsboro,NC,35.339383,-77.960589,35.3847222,-77.9930556,38243
Shaw Afb,SSC,Sumter,SC,33.972719,-80.470564,33.9202778,-80.3416667,40079
Sheboygan County Memorial Airport,SBM,Sheboygan,WI,43.7696,-87.851402,43.7508333,-87.7144444,48591
Shelby County Airport,EET,Alabaster,AL,33.1777778,-86.7832222,33.2441667,-86.8163889,26738
Sheppard Afb Wichita Falls Muni,SPS,Wichita Falls,TX,33.988797,-98.491894,33.9136111,-98.4930556,101212
Sheridan County Airport,SHR,Sheridan,WY,44.7692,-106.98,44.7972222,-106.9555556,16154
Sherman Aaf,FLV,Leavenworth,KS,39.368332,-94.914686,39.3111111,-94.9222222,34880
Show Low Regional Airport,SOW,Show Low,AZ,34.265556,-110.005556,34.2541667,-110.0291667,9564
Shreveport Rgnl,SHV,Shreveport,LA,32.446629,-93.8256,32.525,-93.75,196980
Sidney-Richland Municipal Airport,SDY,Sidney,MT,47.706944,-104.1925,47.7166667,-104.1558333,4373
Sierra Blanca Regional Airport,SRR,Ruidoso,NM,33.46285,-105.534751,33.3316667,-105.6725,8757
Sikeston Memorial Municipal,SIK,Sikeston,MO,36.8988889,-89.56175,36.8766667,-89.5877778,17026
Sioux Falls,FSD,Sioux Falls,SD,43.582014,-96.741914,43.55,-96.7,140336
Sioux Gateway Col Bud Day Fld,SUX,Sioux City,IA,42.402603,-96.384367,42.5,-96.4,83248
Skyhaven Airport,DAW,Rochester,NH,43.2840556,-70.9292778,43.3044444,-70.9761111,30317
Sloulin Fld Intl,ISN,Williston,ND,48.177939,-103.642347,48.1333333,-103.6333333,11971
Smith Fld,SMD,Fort Wayne,IN,41.143353,-85.152778,41.1305556,-85.1288889,229715
Smith Reynolds,INT,Winston-Salem,NC,36.133722,-80.222,36.0997222,-80.2444444,193300
Snohomish Co,PAE,Everett,WA,47.906342,-122.281564,47.9791667,-122.2008333,96993
South Arkansas Rgnl At Goodwin Fld,ELD,El Dorado,AR,33.220972,-92.813278,33.2075,-92.6661111,20353
South Bend Rgnl,SBN,South Bend,IN,41.708661,-86.31725,41.6833333,-86.25,103760
South Jersey Regional Airport,VAY,Mount Holly,NJ,39.9428889,-74.84575,39.9927778,-74.7880556,10804
Southeast Iowa Regional Airport,BRL,Burlington,IA,40.7832,-91.1255,40.8075,-91.1127778,25608
Southeast Texas Rgnl,BPT,Beaumont,TX,29.950833,-94.020694,30.0858333,-94.1016667,111485
Southern California Logistics,VCV,Victorville,CA,34.597453,-117.382997,34.5361111,-117.2902778,83496
Southern Wisconsin Regional Airport,JVL,Janesville,WI,42.62025,-89.0415556,42.6827778,-89.0186111,61675
Southwest Florida Intl,RSW,Fort Myers,FL,26.536167,-81.755167,26.6402778,-81.8725,53015
Southwest Georgia Regional Airport,ABY,Albany,GA,31.5355,-84.1945,31.5783333,-84.1558333,75794
Southwest Oregon Regional Airport,OTH,North Bend,OR,43.4171,-124.246,43.4066667,-124.2230556,9620
Spencer Muni,SPW,Spencer,IA,43.165527,-95.202805,43.1413889,-95.1441667,11203
Spokane Intl,GEG,Spokane,WA,47.619861,-117.533833,47.6588889,-117.425,197262
Springfield Branson Natl,SGF,Springfield,MO,37.245667,-93.388639,37.2152778,-93.2980556,150443
Springfield-Beckly Municipal Airport,SGH,Springfield,OH,39.8402778,-83.8401667,39.9241667,-83.8088889,64325
St Clair Co Intl,PHN,Port Huron,MI,42.910957,-82.528862,42.9708333,-82.425,30978
St George Muni,SGU,Saint George,UT,37.090583,-113.593056,37.1041667,-113.5833333,61338
Steamboat Springs Airport-Bob Adams Field,SBS,Steamboat Springs,CO,40.51625,-106.8663056,40.485,-106.8311111,9349
Sterling Municipal Airport,STK,Sterling,CO,40.6153136,-103.2648454,40.6255556,-103.2072222,12682
Stevens Point Municipal Airport,STE,Stevens Point,WI,44.5451356,-89.5302844,44.5236111,-89.5744444,24408
Stewart Intl,SWF,Newburgh,NY,41.504094,-74.104839,41.5033333,-74.0108333,28476
Stockton Metropolitan,SCK,Stockton,CA,37.894167,-121.238306,37.9577778,-121.2897222,289580
Sugar Land Regional Airport,SGR,Sugar Land,TX,29.62225,-95.6565278,29.6194444,-95.6347222,75777
Sussex Co,GED,Georgetown,DE,38.689194,-75.358889,38.69,-75.3858333,4932
Syracuse Hancock Intl,SYR,Syracuse,NY,43.111187,-76.106311,43.0480556,-76.1477778,141830
Tacoma Narrows Airport,TIW,Tacoma,WA,47.267944,-122.57811,47.2530556,-122.4430556,196957
Tallahassee Rgnl,TLH,Tallahassee,FL,30.396528,-84.350333,30.4380556,-84.2808333,153583
Tampa Intl,TPA,Tampa,FL,27.975472,-82.53325,27.9472222,-82.4586111,324465
Taunton Municipal Airport - King Field,TAN,Taunton,MA,41.8744017,-71.0166453,41.9,-71.0902778,57160
Ted Stevens Anchorage Intl,ANC,Anchorage,AK,61.174361,-149.996361,61.2180556,-149.9002778,276263
Terre Haute Intl Hulman Fld,HUF,Terre Haute,IN,39.451464,-87.307561,39.4666667,-87.4138889,57063
Texarkana Rgnl Webb Fld,TXK,Texarkana,AR,33.453722,-93.991028,33.4416667,-94.0375,35315
Theodore Francis Green State,PVD,Providence,RI,41.732581,-71.420383,41.8238889,-71.4133333,177595
Thomasville Regional Airport,TVI,Thomasville,GA,30.9017921,-83.8811285,30.8363889,-83.9788889,18528
Tinker Afb,TIK,Oklahoma City,OK,35.414739,-97.386633,35.4675,-97.5161111,532950
Toccoa RG Letourneau Field Airport,TOC,Toccoa,GA,34.5928117,-83.2963717,34.5772222,-83.3325,9178
Toledo,TOL,Toledo,OH,41.586806,-83.807833,41.6638889,-83.5552778,306974
Travis Afb,SUU,Fairfield,CA,38.262692,-121.927464,38.2494444,-122.0388889,105741
Trenton Mercer,TTN,Trenton,NJ,40.276692,-74.813469,40.2169444,-74.7433333,84833
Tri Cities Airport,PSC,Pasco,WA,46.2647,-119.119,46.2397222,-119.0994444,43390
Tri State Milton J Ferguson Field,HTS,Huntington,WV,38.3667,-82.558,38.4191667,-82.4452778,48518
Tri-Cities,CZG,Endicott,NY,42.0471,-76.0578,42.0983333,-76.0497222,12802
Tri-Cities Regional Airport,TRI,Bristol,TN,36.4752222,-82.4074167,36.595,-82.1888889,25110
Tri-State Steuben County Airport,ANQ,Angola,IN,41.6396983,-85.0834933,41.6347222,-84.9994444,7932
Truth Or Consequences Muni,TCS,Truth or Consequences,NM,33.236944,-107.27175,33.1283333,-107.2522222,7121
Tstc Waco,CNW,Waco,TX,31.637831,-97.074139,31.5491667,-97.1463889,118967
Tucson Intl,TUS,Tucson,AZ,32.116083,-110.941028,32.2216667,-110.9258333,518907
Tucumcari Muni,TCC,Tucumcari,NM,35.182777,-103.603186,35.1716667,-103.7244444,5313
Tulip City Airport,BIV,Holland,MI,42.7427778,-86.1078333,42.7875,-86.1088889,34544
Tulsa Intl,TUL,Tulsa,OK,36.198389,-95.888111,36.1538889,-95.9925,382005
Tupelo Regional Airport,TUP,Tupelo,MS,34.2681,-88.7699,34.2575,-88.7033333,35956
Tuscaloosa Rgnl,TCL,Tuscaloosa,AL,33.220627,-87.611403,33.2097222,-87.5691667,79816
Tweed-New Haven Airport,HVN,New Haven,CT,41.26375,-72.886806,41.3080556,-72.9286111,124922
Tyler Pounds Rgnl,TYR,Tyler,TX,32.354139,-95.402386,32.3511111,-95.3008333,90878
Tyndall Afb,PAM,Panama City,FL,30.069567,-85.575417,30.1586111,-85.6602778,37633
Valdosta Regional Airport,VLD,Valdosta,GA,30.7825,-83.2767,30.8325,-83.2786111,45661
Valley Intl,HRL,Harlingen,TX,26.2285,-97.654389,26.1902778,-97.6958333,63159
Van Wert County Airport,VNW,Van Wert,OH,40.8638295,-84.606358,40.8694444,-84.5841667,10457
Vance Afb,END,Enid,OK,36.339167,-97.9165,36.3955556,-97.8780556,46138
Vandenberg Afb,VBG,Lompoc,CA,34.737333,-120.584306,34.6391667,-120.4569444,40957
Vermilion Regional,DNV,Danville,IL,40.1996944,-87.5955278,40.1244444,-87.63,32587
Vero Beach Muni,VRB,Vero Beach,FL,27.655556,-80.417944,27.6383333,-80.3975,17262
Victoria Regional Airport,VCT,Victoria,TX,28.8526,-96.9185,28.805,-97.0033333,62044
Visalia Municipal Airport,VIS,Visalia,CA,36.318611,-119.392778,36.3302778,-119.2911111,107431
W H Barron Field,DBN,Dublin,GA,32.3388,-82.591,32.5402778,-82.9038889,15894
Waco Rgnl,ACT,Waco,TX,31.611289,-97.230519,31.5491667,-97.1463889,118967
Wall Street Heliport,JRB,New York,NY,40.701214,-74.009028,40.7141667,-74.0063889,8107916
Walla Walla Regional Airport,ALW,Walla Walla,WA,46.0949,-118.288,46.0647222,-118.3419444,30578
Washington Dulles Intl,IAD,Washington,DC,38.944533,-77.455811,38.895,-77.0366667,552433
Waterbury-Oxford Airport,OXC,Oxford,CT,41.4785556,-73.13525,41.4338889,-73.1172222,11345
Waterloo Regional Airport,ALO,Waterloo,IA,42.5571,-92.4003,42.4927778,-92.3427778,65836
Watertown Intl,ART,Watertown,NY,43.991922,-76.021739,43.9747222,-75.9111111,28055
Watertown Regional Airport,ATY,Watertown,SD,44.914,-97.1547,44.8994444,-97.1147222,20185
Waukegan Rgnl,UGN,North Chicago,IL,42.422161,-87.867908,42.3255556,-87.8411111,37301
Wendover,ENV,West Wendover,NV,40.718694,-114.030889,40.7391667,-114.0725,4953
West 30th St. Heliport,JRA,New York,NY,40.7545,-74.0071,40.7141667,-74.0063889,8107916
West Georgia Regional Airport - O V Gray Field,CTJ,Carrollton,GA,33.6316964,-85.1522641,33.58,-85.0766667,21353
West Houston,IWS,Houston,TX,29.818194,-95.672611,29.7630556,-95.3630556,2027712
Westchester Co,HPN,White Plains,NY,41.066959,-73.707575,41.0338889,-73.7633333,57260
Western Nebraska Regional Airport,BFF,Scottsbluff,NE,41.874,-103.596,41.8666667,-103.6666667,14869
Westover Arb Metropolitan,CEF,Chicopee,MA,42.194014,-72.534783,42.1486111,-72.6083333,55179
Wheeler Aaf,HHI,Wahiawa,HI,21.4835,-158.039667,21.5027778,-158.0236111,15906
Whiteman Airport,WHP,Los Angeles,CA,34.2593253,-118.4134331,34.0522222,-118.2427778,3877129
Wichita Mid Continent,ICT,Wichita,KS,37.649944,-97.433056,37.6922222,-97.3372222,355244
Wilkes Barre Scranton Intl,AVP,Scranton,PA,41.338478,-75.723403,41.4088889,-75.6627778,73206
Wilkes-Barre Wyoming Valley Airport,WBW,Wilkes-Barre,PA,41.2973074,-75.8522405,41.2458333,-75.8816667,40736
Will Rogers World,OKC,Oklahoma City,OK,35.393089,-97.600733,35.4675,-97.5161111,532950
William P Hobby,HOU,Houston,TX,29.645419,-95.278889,29.7630556,-95.3630556,2027712
William R Fairchild International Airport,CLM,Port Angeles,WA,48.1202,-123.5,48.1183333,-123.4294444,18636
William T. Piper Mem.,LHV,Lock Haven,PA,41.1357778,-77.4223056,41.1369444,-77.4472222,8777
Williamson Country Regional Airport,MWA,Marion,IL,37.7549569,-89.0110936,37.7305556,-88.9330556,17265
Williamsport Rgnl,IPT,Williamsport,PA,41.241836,-76.921094,41.2411111,-77.0013889,29377
Willow Grove Nas Jrb,NXX,Willow Grove,PA,40.199833,-75.148167,40.1438889,-75.1161111,16129
Willow Run,YIP,Detroit,MI,42.237928,-83.530408,42.3313889,-83.0458333,884941
Wilmington Airborne Airpark,ILN,Wilmington,OH,39.42792,-83.792118,39.4452778,-83.8286111,12312
Wilmington Intl,ILM,Wilmington,NC,34.270615,-77.902569,34.2255556,-77.945,92424
Windham Airport,IJD,Willimantic,CT,41.7440278,-72.1802222,41.7105556,-72.2086111,16686
Winslow-Lindbergh Regional Airport,INW,Winslow,AZ,35.0219167,-110.7225278,35.0241667,-110.6966667,10003
Witham Field Airport,SUA,Stuart,FL,27.1816996,-80.221294,27.1972222,-80.2530556,15112
Wittman Regional Airport,OSH,Oshkosh,WI,44.024983,-88.551336,44.0247222,-88.5425,63017
Worcester Regional Airport,ORH,Worcester,MA,42.2673,-71.8757,42.2625,-71.8027778,177216
Worland Municipal Airport,WRL,Worland,WY,43.9657,-107.951,44.0169444,-107.9547222,4729
Wright Patterson Afb,FFO,Dayton,OH,39.826111,-84.048332,39.7588889,-84.1916667,159134
Yakima Air Terminal McAllister Field,YKM,Yakima,WA,46.5682,-120.544,46.6022222,-120.5047222,88405
Yeager,CRW,Charleston,WV,38.373147,-81.593189,38.3497222,-81.6327778,50427
Yellowstone Rgnl,COD,Cody,WY,44.520194,-109.023806,44.5263889,-109.0558333,9161
Yolo County Airport,DWA,Davis,CA,38.5793889,-121.8569444,38.545,-121.7394444,65806
Youngstown Warren Rgnl,YNG,Youngstown,OH,41.260736,-80.679097,41.0997222,-80.6497222,77540
Yuba County Airport,MYV,Yuba City,CA,39.0553,-121.3411,39.1405556,-121.6158333,52432
Yuma Mcas Yuma Intl,YUM,Yuma,AZ,32.656578,-114.60598,32.7252778,-114.6236111,84316
Zamperini Field Airport,TOA,Torrance,CA,33.803392,-118.339611,33.8358333,-118.3397222,144963
