1,Christopher,Fowler,Philadelphia,PA,1982-01-06
2,Gary,Myers,Arlington,TX,1975-04-05
3,Gary,Foster,Long Beach,CA,2011-09-12
4,Joan,Sanchez,Austin,TX,1967-04-04
5,Carl,Hudson,Waterbury,CT,1983-02-19
6,Alice,Williams,Buffalo,NY,2004-11-10
7,Karen,Montgomery,Jamaica,NY,1941-01-17
8,Jacqueline,Hunt,Pittsburgh,PA,2003-01-22
9,Sara,Johnston,Birmingham,AL,1962-11-28
10,Phyllis,Davis,Pensacola,FL,2003-08-24
11,Ruth,Murphy,Pompano Beach,FL,1937-04-15
12,Annie,Hunt,Mobile,AL,1974-10-06
13,Judith,Fisher,Lawrenceville,GA,1951-12-30
14,Douglas,Rice,Birmingham,AL,1955-09-24
15,Denise,Hudson,Austin,TX,1971-09-17
16,Michelle,Greene,Amarillo,TX,1953-02-17
17,Roger,Freeman,Everett,WA,1935-03-02
18,Ernest,Gilbert,Bakersfield,CA,1940-05-29
19,Amanda,Evans,Washington,DC,1962-04-17
20,Chris,Griffin,Los Angeles,CA,1997-12-05
21,Emily,Oliver,Philadelphia,PA,1989-01-20
22,Timothy,Jenkins,Indianapolis,IN,2002-02-01
23,Nancy,Bell,Omaha,NE,1938-05-05
24,Jack,Fowler,Reading,PA,1975-03-13
25,Irene,Williams,Pittsburgh,PA,1983-12-19
26,Jennifer,Spencer,New York City,NY,1966-05-04
27,Margaret,Foster,Oklahoma City,OK,1930-03-29
28,Susan,Hernandez,Greensboro,NC,1938-08-14
29,Justin,Stevens,Oklahoma City,OK,2015-04-30
30,Kenneth,Cook,Washington,DC,1954-10-29
31,Justin,Thompson,Albuquerque,NM,2004-12-01
32,Diane,Williamson,Sacramento,CA,2006-06-11
33,Doris,Jones,Tucson,AZ,1995-05-02
34,Harold,Jackson,Baton Rouge,LA,1932-02-16
35,Joan,Watkins,Ogden,UT,1966-05-26
36,Robin,Hernandez,Mc Keesport,PA,2011-08-20
37,Karen,Carter,Columbus,OH,1947-01-05
38,Harold,Robinson,Minneapolis,MN,1936-02-25
39,Peter,Davis,Washington,DC,1936-01-25
40,Tina,Montgomery,Orlando,FL,2008-11-30
41,Katherine,Howell,Phoenix,AZ,1938-08-05
42,Ryan,Wheeler,Cincinnati,OH,2015-07-07
43,Philip,Cole,Madison,WI,1963-08-20
44,Aaron,Knight,Columbia,SC,2010-06-07
45,Roy,Hudson,Midland,TX,1979-08-30
46,Earl,Jordan,San Jose,CA,1998-04-08
47,Christopher,Franklin,Des Moines,IA,2009-10-14
48,Mildred,Fernandez,Miami,FL,1990-03-11
49,James,Washington,Brooklyn,NY,1990-04-02
50,Judy,Hernandez,Houston,TX,1944-06-16
51,Albert,Stephens,Amarillo,TX,1957-12-29
52,Wayne,Pierce,Saint Paul,MN,2002-03-23
53,Mildred,Hart,Akron,OH,1931-12-22
54,Wayne,George,Louisville,KY,1950-11-04
55,Julie,Palmer,Columbia,SC,1985-06-15
56,Henry,Bell,Texarkana,TX,1977-12-01
57,Tina,Howard,Little Rock,AR,1993-06-24
58,Sandra,Romero,Richmond,VA,1993-08-01
59,Donald,Hawkins,Paterson,NJ,1946-02-28
60,Sandra,Arnold,San Antonio,TX,1990-02-28
61,Jimmy,Hicks,Ridgely,MD,1997-05-14
62,Angela,Hamilton,Virginia Beach,VA,1971-05-22
63,Paula,Baker,Washington,DC,1948-12-14
64,Ralph,Davis,Dallas,TX,1981-08-08
65,Eugene,Gray,Bryan,TX,1973-03-13
66,Karen,Harrison,Los Angeles,CA,1988-05-27
67,Marie,Marshall,Baltimore,MD,1980-05-15
68,Bruce,Hart,Portsmouth,NH,1946-08-06
69,Julia,Willis,Savannah,GA,1978-05-05
70,Steve,Frazier,Little Rock,AR,2004-10-17
71,Walter,Long,Modesto,CA,1971-12-23
72,Lillian,Kelley,Tulsa,OK,1938-08-06
73,Theresa,Grant,Louisville,KY,1970-04-18
74,Bonnie,Butler,Huntington,WV,1935-11-14
75,Elizabeth,Phillips,Wichita Falls,TX,1991-04-16
76,Shawn,Grant,Gainesville,FL,2007-10-16
77,Barbara,Warren,Washington,DC,1984-07-25
78,Russell,Morrison,Pittsburgh,PA,1953-02-04
79,Ralph,Hunt,Sacramento,CA,1937-01-01
80,Debra,Peters,Baltimore,MD,1966-05-17
81,Bruce,Banks,Saint Cloud,MN,1962-05-30
82,Walter,Henry,Rochester,NY,1938-11-01
83,Susan,Phillips,Springfield,MA,1982-01-27
84,Peter,Medina,Philadelphia,PA,1995-01-14
85,Lawrence,Thompson,Winston Salem,NC,1988-12-03
86,Nancy,Gonzalez,Corpus Christi,TX,2010-03-30
87,Nancy,Watson,Detroit,MI,1961-10-23
88,Joe,Bryant,Newport Beach,CA,1944-05-01
89,Donna,Carter,Salem,OR,1964-01-30
90,Matthew,Robinson,Cumming,GA,1964-09-03
91,Frank,Hunter,Worcester,MA,2006-02-25
92,Stephanie,Webb,Hyattsville,MD,1967-08-23
93,Catherine,Spencer,Portsmouth,NH,1935-04-07
94,Robert,Lee,Birmingham,AL,1990-10-10
95,Mark,Pierce,Sacramento,CA,1961-07-02
96,William,White,New Orleans,LA,1982-11-10
97,Brenda,Richardson,Phoenix,AZ,2010-04-21
98,Jessica,Morgan,Nashville,TN,1991-09-02
99,Sarah,Mills,Roanoke,VA,1987-12-06
100,Wayne,Mitchell,Sacramento,CA,2011-03-08
101,Kathleen,Myers,Hampton,VA,1949-11-23
102,Terry,Rivera,Long Beach,CA,2006-05-08
103,Phyllis,Collins,Pittsburgh,PA,1973-02-21
104,Ryan,Warren,Alexandria,VA,1982-01-28
105,James,Williams,New Orleans,LA,1950-03-25
106,Roger,Dean,Washington,DC,1978-05-15
107,Dennis,Hayes,Bloomington,IN,2007-03-04
108,Deborah,George,El Paso,TX,1950-03-29
109,Victor,Wright,Arlington,TX,1937-06-04
110,Samuel,Carpenter,Fairfield,CT,1935-02-11
111,Stephen,Ellis,Omaha,NE,2006-01-13
112,Linda,Carr,Ocala,FL,1984-05-12
113,Joyce,Thomas,Gary,IN,1992-06-26
114,Sharon,Murphy,Philadelphia,PA,1949-08-25
115,Debra,Ortiz,West Palm Beach,FL,1966-11-19
116,Kenneth,Cooper,Sacramento,CA,1988-01-04
117,Linda,Woods,Washington,DC,1957-07-29
118,Doris,Brooks,Austin,TX,1984-10-13
119,Jack,Garrett,Torrance,CA,1993-03-30
120,Marilyn,Freeman,Memphis,TN,1983-06-21
121,Rebecca,Richardson,Atlanta,GA,1970-05-14
122,Wanda,Alexander,Birmingham,AL,1989-09-21
123,Cynthia,Dixon,Sacramento,CA,1991-06-21
124,Margaret,Little,Dayton,OH,1932-02-12
125,Joshua,Woods,North Las Vegas,NV,1977-10-15
126,Kimberly,Henderson,Lakeland,FL,1992-03-07
127,Steve,Carroll,Chula Vista,CA,1969-06-13
128,Denise,Henderson,Atlanta,GA,1930-08-09
129,Roger,Hernandez,Toledo,OH,2008-07-31
130,Shirley,Chapman,Shreveport,LA,1933-09-24
131,Randy,Anderson,Minneapolis,MN,1944-02-12
132,Daniel,Cook,Tucson,AZ,1996-06-06
133,Paul,Hayes,Reno,NV,1950-11-16
134,Andrea,Collins,Fort Collins,CO,1934-08-31
135,Linda,Cook,Hicksville,NY,2013-02-16
136,Aaron,Porter,Merrifield,VA,1969-08-31
137,Philip,Carr,Chicago,IL,1951-09-07
138,Russell,Snyder,Simi Valley,CA,2012-10-08
139,Fred,Kelley,Fort Collins,CO,1992-03-13
140,Peter,Hayes,Seattle,WA,2009-09-05
141,Scott,Bishop,Lancaster,PA,1930-05-05
142,Steve,Carpenter,Las Cruces,NM,2011-07-25
143,Justin,Turner,Largo,FL,2010-08-20
144,Jennifer,Clark,Boise,ID,1963-04-27
145,Cynthia,Russell,Colorado Springs,CO,1958-12-31
146,Kathleen,Davis,Denver,CO,1944-08-22
147,Eric,Dunn,Pittsburgh,PA,1930-12-12
148,Joan,Lee,Springfield,MA,1962-06-23
149,Frank,Jenkins,Oklahoma City,OK,1991-12-08
150,Juan,Mitchell,Dallas,TX,1968-02-25
151,Lawrence,Morrison,Fresno,CA,1973-12-05
152,Nicole,Hernandez,Bronx,NY,2015-10-29
153,Ruth,Morgan,Montgomery,AL,1965-01-21
154,Harold,Wallace,Phoenix,AZ,1940-03-18
155,Dennis,Richards,White Plains,NY,1950-12-25
156,Nancy,Lewis,San Antonio,TX,1977-01-11
157,Terry,Cox,Austin,TX,1983-05-16
158,Christine,Nichols,Colorado Springs,CO,1933-10-04
159,Eric,Harris,Mesa,AZ,1972-05-22
160,Lisa,Brooks,Kansas City,MO,1994-08-25
161,Annie,Hudson,Las Vegas,NV,1981-01-09
162,William,Moore,Houston,TX,1952-05-16
163,Fred,Payne,San Jose,CA,1956-02-22
164,Theresa,Matthews,Saint Louis,MO,1995-12-08
165,Jesse,Stephens,Rochester,NY,1949-06-21
166,Amy,Bryant,Salem,OR,1956-12-19
167,Paula,Hughes,Winston Salem,NC,1997-02-06
168,Richard,Coleman,Seattle,WA,1972-04-08
169,Margaret,Gonzalez,Las Vegas,NV,1954-01-13
170,Tina,Adams,Chicago,IL,2011-07-28
171,Steve,Cruz,Baltimore,MD,1969-05-10
172,Timothy,Woods,Chicago,IL,1973-12-04
173,Jeremy,Reed,Des Moines,IA,1997-01-10
174,Anne,Patterson,Cleveland,OH,1984-04-09
175,Roger,Gray,Charleston,WV,2006-12-03
176,Keith,Austin,Saint Louis,MO,1991-10-01
177,Eric,Harrison,Tacoma,WA,1961-02-12
178,Henry,Clark,Waltham,MA,1982-06-23
179,Roger,Welch,Las Vegas,NV,1995-03-03
180,Philip,Pierce,Amarillo,TX,1941-12-05
181,Phyllis,Rice,New York City,NY,2003-02-11
182,Anthony,Cook,Monticello,MN,1937-07-12
183,Antonio,Pierce,Wilkes Barre,PA,1930-07-10
184,Phyllis,Alvarez,Dallas,TX,1941-05-17
185,Paula,Cruz,Washington,DC,1986-09-02
186,Jean,Lawrence,Bozeman,MT,1978-11-23
187,Ernest,Gomez,Littleton,CO,1984-06-17
188,Irene,Williamson,Reno,NV,1955-06-18
189,Jason,Lawrence,Waco,TX,1988-04-05
190,Johnny,Long,Saint Paul,MN,2013-12-24
191,Richard,Cunningham,Norwalk,CT,1998-09-07
192,Wanda,Hernandez,San Jose,CA,1939-12-22
193,Sarah,Hill,Minneapolis,MN,1978-01-26
194,Gerald,Green,Akron,OH,1956-07-02
195,Eric,Ferguson,Saint Paul,MN,1983-06-02
196,Diane,Snyder,Cumming,GA,1950-10-31
197,Martha,Hawkins,Washington,DC,2010-12-20
198,Laura,Martinez,Ashburn,VA,1941-07-28
199,Kenneth,Jackson,Omaha,NE,2012-12-16
200,Ernest,Cruz,Minneapolis,MN,2007-11-17
201,Marilyn,Martin,Lansing,MI,2012-07-11
202,Ashley,Green,Palmdale,CA,2010-04-12
203,Henry,Garza,Colorado Springs,CO,1939-07-12
204,Carol,Bowman,Anniston,AL,1935-04-20
205,Ronald,Woods,San Diego,CA,1954-02-06
206,Marie,Gordon,Shawnee Mission,KS,2009-03-08
207,Joe,Coleman,Miami,FL,2010-07-10
208,Bonnie,Jenkins,Rockford,IL,1983-09-18
209,Brian,Mills,Baltimore,MD,1961-11-21
210,Amy,Lawrence,Pensacola,FL,1974-10-08
211,Edward,Bradley,Jacksonville,FL,1939-07-14
212,Cheryl,Gordon,Morgantown,WV,1959-09-24
213,Jose,King,Sacramento,CA,1934-10-21
214,Timothy,White,Birmingham,AL,1977-05-19
215,Anna,Stephens,Spring Hill,FL,1974-02-25
216,Teresa,Simpson,Jeffersonville,IN,1954-12-17
217,Johnny,Elliott,Lake Charles,LA,2010-03-01
218,Timothy,Ortiz,Saint Paul,MN,1999-08-06
219,Walter,West,Stockton,CA,1994-05-09
220,Victor,Kelly,Salt Lake City,UT,1986-10-06
221,Robert,Perez,Salt Lake City,UT,1969-08-15
222,Cynthia,Ferguson,Springfield,IL,1973-07-13
223,Patrick,Gonzales,Evansville,IN,1945-04-26
224,Anthony,Johnson,Palm Bay,FL,1986-01-04
225,Julia,Bishop,South Lake Tahoe,CA,2009-12-27
226,Louise,Rogers,Houston,TX,1937-12-17
227,Anne,Mason,Simi Valley,CA,1967-11-29
228,Frances,Austin,Lubbock,TX,1936-03-29
229,Jack,Sullivan,Jacksonville,FL,1945-03-12
230,Sandra,Murray,Concord,CA,1937-08-29
231,Andrew,Thomas,Madison,WI,1959-07-20
232,Stephanie,Martin,Boston,MA,2009-10-11
233,Patrick,Sullivan,Minneapolis,MN,2010-06-10
234,Doris,Kim,Orange,CA,2014-08-19
235,Diane,Young,Wilmington,DE,1984-02-12
236,Carol,Robertson,Philadelphia,PA,2015-03-23
237,Ruby,Phillips,Arlington,VA,1932-09-15
238,Michelle,Nguyen,Modesto,CA,1983-04-24
239,Virginia,Lawrence,Birmingham,AL,1969-10-18
240,Katherine,Parker,Nashville,TN,1943-05-15
241,Scott,Anderson,Milwaukee,WI,1983-10-18
242,Diane,Moreno,Memphis,TN,1933-12-14
243,Phillip,Phillips,Jamaica,NY,1972-08-10
244,Kathleen,Rogers,Springfield,VA,1976-07-03
245,Randy,Jackson,Memphis,TN,1960-03-19
246,Christopher,Garza,Dayton,OH,1980-08-24
247,Gregory,West,Santa Fe,NM,1968-07-08
248,Susan,Knight,Wichita,KS,1981-10-25
249,Mary,Knight,Cincinnati,OH,1986-08-22
250,Charles,Cooper,Tulsa,OK,1969-04-18
251,William,Phillips,Washington,DC,1969-08-29
252,Henry,Reyes,Salem,OR,1980-05-09
253,Lois,Welch,Fort Wayne,IN,1968-11-29
254,Frank,Taylor,Houston,TX,1936-04-27
255,Fred,Tucker,Huntington,WV,1960-08-09
256,Jeremy,Graham,Seattle,WA,2012-06-01
257,Ruby,Watson,Birmingham,AL,1986-04-16
258,Nicholas,Barnes,El Paso,TX,2003-08-07
259,Phyllis,Burns,Kissimmee,FL,1931-12-08
260,Robert,Harvey,Baltimore,MD,1987-03-11
261,Eric,Oliver,Mobile,AL,1984-07-21
262,Mary,Duncan,Fort Wayne,IN,2002-12-12
263,Margaret,Murphy,Denver,CO,1978-05-14
264,Daniel,Scott,El Paso,TX,2003-04-13
265,Margaret,Carr,Santa Clara,CA,1970-06-09
266,Julie,Jackson,New York City,NY,1936-09-18
267,Melissa,Gardner,San Jose,CA,2008-07-09
268,Diane,Pierce,Washington,DC,1944-11-19
269,Henry,Martin,Washington,DC,1994-05-13
270,Paula,Lawrence,Gainesville,FL,1980-03-05
271,Earl,Carr,Charlotte,NC,1945-08-13
272,Antonio,Little,Schenectady,NY,1934-01-27
273,Randy,Fields,Kansas City,MO,2004-07-12
274,Joan,Castillo,Scottsdale,AZ,1999-06-30
275,Sara,Rodriguez,Portland,ME,2012-03-03
276,James,Baker,Portland,OR,1999-11-08
277,Arthur,Kim,Carol Stream,IL,1946-10-28
278,Linda,Simmons,Nashville,TN,1989-10-06
279,Catherine,Crawford,San Francisco,CA,1971-08-27
280,Phyllis,Howell,San Diego,CA,1978-06-08
281,Sara,Wallace,Amarillo,TX,2002-12-01
282,Edward,Montgomery,Pittsburgh,PA,1966-04-16
283,Willie,Gordon,Buffalo,NY,1986-11-10
284,Bonnie,Duncan,Saint Louis,MO,1980-07-19
285,Gregory,Lewis,Tulsa,OK,2014-01-16
286,Barbara,Edwards,Washington,DC,1971-11-07
287,Shawn,Simpson,Jackson,MS,1991-01-25
288,Gary,Weaver,Canton,OH,1933-05-23
289,Irene,Moreno,Los Angeles,CA,1953-02-14
290,Jose,Ferguson,Irvine,CA,1967-02-13
291,Rebecca,James,Richmond,VA,1986-12-10
292,Maria,Watson,Birmingham,AL,1947-02-10
293,Eugene,White,Sarasota,FL,1957-12-02
294,Nicole,Robertson,Oakland,CA,2015-06-03
295,Gary,Gutierrez,Akron,OH,1931-09-19
296,Barbara,Gomez,Lansing,MI,1930-05-10
297,Joseph,Henderson,Stockton,CA,1940-10-28
298,Samuel,Stevens,San Jose,CA,1962-06-22
299,Patricia,Franklin,Orlando,FL,1968-11-24
300,Phillip,Elliott,Chicago,IL,2013-12-08
301,Janet,Nichols,Nashville,TN,1966-07-16
302,Marilyn,Riley,Des Moines,IA,1931-07-23
303,Marie,Willis,Charleston,WV,1968-07-07
304,Sara,Mcdonald,Reno,NV,1982-05-21
305,Clarence,Dixon,Dallas,TX,2009-09-08
306,Joe,Edwards,Buffalo,NY,2012-10-09
307,Marie,Foster,Fresno,CA,2005-03-04
308,Brandon,Carroll,San Antonio,TX,1935-11-05
309,Susan,Powell,Port Saint Lucie,FL,1955-11-23
310,Juan,Tucker,North Little Rock,AR,1942-01-22
311,Jessica,Hudson,New York City,NY,1956-11-02
312,Ryan,Reynolds,Valley Forge,PA,1971-05-02
313,Judith,Watson,Kalamazoo,MI,1975-08-23
314,James,Olson,San Luis Obispo,CA,1988-02-28
315,John,Woods,New Orleans,LA,1998-06-19
316,Phyllis,Miller,Montgomery,AL,1990-03-05
317,Joe,Reyes,Salt Lake City,UT,2010-12-08
318,Kenneth,Ruiz,Spring Hill,FL,1994-04-02
319,Denise,Rice,Detroit,MI,1984-01-29
320,Amy,Brooks,Green Bay,WI,1996-07-20
321,Jimmy,Hansen,Alexandria,VA,1945-11-21
322,Cheryl,Boyd,Fort Worth,TX,1966-11-30
323,Jessica,Garrett,Birmingham,AL,1970-05-05
324,Paula,Hayes,Washington,DC,1967-07-16
325,Lillian,Perez,Hartford,CT,1936-01-06
326,Lawrence,Baker,Houston,TX,1948-11-16
327,Shirley,Ramirez,Lancaster,PA,1930-06-11
328,Roy,Freeman,Los Angeles,CA,1978-10-30
329,Lillian,Montgomery,Gastonia,NC,1976-01-17
330,Beverly,Gonzales,Lexington,KY,1999-11-15
331,Kathy,Watson,Richmond,VA,1943-12-18
332,Barbara,Hart,San Diego,CA,1951-06-25
333,Mildred,Thompson,Rochester,NY,2006-02-18
334,Anne,Adams,New York City,NY,1967-03-23
335,Julie,Jacobs,Greenville,SC,1995-01-29
336,Carl,Welch,San Antonio,TX,1933-12-17
337,Randy,Williamson,Houston,TX,1991-04-24
338,Andrew,Williamson,New Haven,CT,1963-12-22
339,Michael,Little,Washington,DC,1938-04-09
340,Mary,Lynch,Gainesville,FL,1997-03-24
341,Kelly,King,Tulsa,OK,1990-02-17
342,Amanda,West,Philadelphia,PA,1968-08-24
343,Janet,Diaz,Garland,TX,1960-05-08
344,Eric,Carr,North Little Rock,AR,1941-02-10
345,Lawrence,Montgomery,Lincoln,NE,1939-10-20
346,Carlos,Collins,Jersey City,NJ,1954-04-08
347,Kenneth,Cruz,El Paso,TX,1932-02-18
348,Nicole,Green,Lehigh Acres,FL,1987-08-03
349,Johnny,Tucker,Manassas,VA,1962-11-06
350,Betty,Alvarez,Phoenix,AZ,2008-12-17
351,Brian,Meyer,San Antonio,TX,1979-08-16
352,Walter,Wood,Gary,IN,1946-11-06
353,Arthur,Morgan,Raleigh,NC,1962-06-16
354,Bruce,Warren,Silver Spring,MD,1972-08-31
355,Clarence,Porter,Kansas City,MO,1945-10-25
356,Sarah,Knight,Cincinnati,OH,2003-06-14
357,Katherine,Mason,Portland,OR,2002-04-22
358,Catherine,Lane,Houston,TX,1946-01-15
359,John,Banks,Pocatello,ID,1984-09-21
360,Jane,Kelly,Washington,DC,1952-11-17
361,Antonio,Dunn,San Antonio,TX,1997-06-12
362,Anthony,Perry,Migrate,KY,2001-07-02
363,Stephanie,Burke,New York City,NY,1985-08-11
364,Jerry,Stewart,Houston,TX,1931-01-30
365,Rachel,Banks,Hartford,CT,1932-04-24
366,Judith,Medina,Palo Alto,CA,1976-02-11
367,Stephen,Howell,Washington,DC,2006-06-07
368,Fred,Perry,Yonkers,NY,1963-11-08
369,Stephen,Adams,Akron,OH,1930-01-09
370,Gary,Chapman,Cincinnati,OH,1960-09-17
371,Matthew,Little,Richmond,VA,1986-06-07
372,Annie,Mccoy,Jacksonville,FL,1946-09-04
373,Nicole,Harvey,Littleton,CO,1938-03-13
374,Diana,Grant,Boise,ID,1960-07-22
375,Debra,Holmes,Fort Worth,TX,1976-07-15
376,Kathleen,Henderson,San Bernardino,CA,1932-07-03
377,Matthew,Cunningham,Houston,TX,1944-12-06
378,Justin,Bishop,Stockton,CA,1985-09-22
379,Joseph,Moore,Brooksville,FL,1989-07-17
380,Barbara,Jordan,San Antonio,TX,1961-11-26
381,Carolyn,James,Topeka,KS,2000-04-25
382,Richard,Mills,Fort Pierce,FL,2012-09-13
383,Teresa,Ray,Panama City,FL,2002-08-13
384,Eugene,Hunt,Chicago,IL,2001-06-22
385,Anthony,Young,Portland,OR,1945-10-05
386,Pamela,Hicks,Washington,DC,1956-08-28
387,Michael,Cook,Chicago,IL,1971-04-18
388,Michael,Chavez,Orlando,FL,1939-12-03
389,Frances,Ramos,Akron,OH,1997-12-31
390,Nicole,Ortiz,Panama City,FL,2012-02-22
391,Dennis,Collins,Erie,PA,1996-09-08
392,Phillip,Rice,Littleton,CO,1995-02-04
393,Howard,Greene,Hartford,CT,1985-08-10
394,Patricia,Barnes,Omaha,NE,1942-01-04
395,Raymond,Vasquez,Midland,TX,2015-08-19
396,Gary,Sanders,Chattanooga,TN,1939-07-29
397,Gary,Richards,Hartford,CT,1944-01-01
398,Earl,Frazier,Houston,TX,1985-01-25
399,Tammy,Gutierrez,Baton Rouge,LA,1981-12-30
400,Melissa,Gutierrez,Oklahoma City,OK,2007-05-21
401,Beverly,Kelley,Nashville,TN,1974-11-18
402,Lisa,Franklin,San Jose,CA,2008-11-09
403,Christine,Cunningham,Atlanta,GA,1993-12-05
404,Philip,Evans,Los Angeles,CA,1979-11-01
405,Bonnie,Palmer,Miami,FL,1955-04-11
406,Victor,Watkins,Albany,NY,1961-12-13
407,Jennifer,Murray,Boston,MA,1967-08-20
408,Steve,Campbell,Pittsburgh,PA,1932-12-10
409,Jesse,Ortiz,Little Rock,AR,2005-12-15
410,Peter,Freeman,Topeka,KS,1945-07-27
411,Mark,Castillo,Jamaica,NY,2014-05-07
412,Dennis,Andrews,Peoria,IL,1989-03-23
413,Jean,Jacobs,Fort Worth,TX,1975-02-18
414,Dorothy,Ortiz,Staten Island,NY,1948-11-15
415,Wayne,Austin,Boise,ID,1944-10-08
416,Daniel,Hawkins,Sioux Falls,SD,1976-11-17
417,Susan,Powell,Peoria,IL,1998-07-16
418,George,Russell,Scottsdale,AZ,2009-11-20
419,Billy,Wheeler,Honolulu,HI,1939-03-05
420,Dennis,Miller,Vienna,VA,2004-09-21
421,Gregory,Porter,Jacksonville,FL,1965-06-25
422,Kathryn,Harris,Tampa,FL,1986-10-12
423,Paula,Coleman,Frederick,MD,1998-02-03
424,Carlos,Howell,New York City,NY,2010-06-08
425,Jane,Andrews,Santa Rosa,CA,2013-06-06
426,Wayne,Roberts,Miami,FL,1951-08-28
427,Jeffrey,Castillo,Cleveland,OH,2002-04-25
428,Richard,Watkins,El Paso,TX,1949-03-25
429,Judy,Carr,Charleston,WV,1945-03-25
430,Janet,Griffin,Lake Charles,LA,1963-07-20
431,Ronald,Perez,Albany,GA,1990-02-06
432,Anne,Black,Shreveport,LA,1939-12-09
433,Arthur,Smith,Migrate,KY,2015-02-16
434,Craig,Gomez,Omaha,NE,1988-08-30
435,Bobby,Bowman,Waterbury,CT,2010-06-09
436,Cynthia,Owens,Brooklyn,NY,1976-11-28
437,Jeffrey,Simpson,Shreveport,LA,1966-07-18
438,Teresa,Howard,Dallas,TX,1986-10-27
439,Timothy,Sanders,Philadelphia,PA,1960-01-31
440,Jean,Larson,Oakland,CA,1957-05-16
441,Kevin,Montgomery,Denver,CO,1932-05-08
442,Marilyn,Greene,Dayton,OH,1989-02-14
443,Brandon,Marshall,Jamaica,NY,2000-04-10
444,Ashley,Holmes,Albany,NY,2011-03-10
445,Henry,Fisher,Montgomery,AL,1955-04-26
446,Larry,Hughes,Washington,DC,1950-03-02
447,Ann,Marshall,Youngstown,OH,1960-12-06
448,Sara,Bishop,Saint Paul,MN,2014-07-09
449,Kathy,Greene,Oklahoma City,OK,1991-06-12
450,Lillian,Gonzalez,Trenton,NJ,1957-01-05
451,Paula,Greene,Olympia,WA,1956-02-29
452,Bonnie,Boyd,El Paso,TX,1944-09-29
453,Emily,Lopez,Flint,MI,1989-04-26
454,William,Boyd,Atlanta,GA,1996-08-21
455,Wanda,Berry,Sacramento,CA,2007-04-09
456,Julie,Holmes,North Little Rock,AR,2004-10-13
457,Dennis,Young,Bradenton,FL,2012-03-04
458,Christopher,Johnson,Ashburn,VA,1952-05-26
459,Kimberly,Pierce,San Antonio,TX,1960-10-04
460,Samuel,Coleman,Duluth,GA,1978-06-04
461,Ann,Mitchell,Visalia,CA,1943-02-22
462,Michelle,Patterson,Miami,FL,1944-12-07
463,Margaret,Welch,Washington,DC,1962-09-16
464,Annie,Reed,Sioux Falls,SD,1957-12-07
465,Carlos,Walker,Washington,DC,1948-06-15
466,Randy,Mccoy,Kansas City,MO,2002-11-18
467,Lillian,Mitchell,Baton Rouge,LA,1939-02-12
468,Jeremy,Holmes,Salt Lake City,UT,1944-12-28
469,Marilyn,Alexander,Louisville,KY,1960-11-05
470,Paul,Torres,Corona,CA,1965-11-02
471,Ralph,Frazier,Philadelphia,PA,1953-09-16
472,Ralph,Taylor,Inglewood,CA,1957-02-11
473,Andrea,Jenkins,Honolulu,HI,1956-03-12
474,Lisa,Baker,Fairfax,VA,1980-06-15
475,Katherine,White,Phoenix,AZ,1944-06-30
476,Harold,Wood,Portsmouth,VA,1936-08-16
477,Earl,Howard,San Antonio,TX,1943-01-25
478,Karen,Carroll,Portsmouth,VA,1971-09-17
479,Stephanie,Johnston,Oklahoma City,OK,1960-01-04
480,Jean,Kennedy,San Luis Obispo,CA,1994-06-18
481,Mary,Martin,Atlanta,GA,2000-11-17
482,Norma,Green,Saint Louis,MO,1938-05-03
483,Julie,Davis,Philadelphia,PA,1977-07-22
484,Jeffrey,Peterson,Washington,DC,1958-08-21
485,Marilyn,Morgan,San Jose,CA,1961-06-21
486,Andrew,Roberts,Columbia,SC,1998-01-08
487,George,Ellis,Hartford,CT,1943-05-22
488,Henry,Mitchell,Portsmouth,VA,2004-03-14
489,Virginia,Pierce,Akron,OH,1963-03-15
490,Gloria,Sims,Lexington,KY,1969-11-02
491,Ronald,Stanley,Newton,MA,1975-03-05
492,Louise,Fisher,Fairbanks,AK,1964-11-25
493,Wanda,George,Reston,VA,1988-01-16
494,Beverly,Hamilton,Houston,TX,1973-10-03
495,Patricia,Fisher,Terre Haute,IN,1931-10-11
496,Stephen,Duncan,Hyattsville,MD,1985-07-27
497,Kathy,Carroll,El Paso,TX,1952-09-17
498,Ann,Nguyen,Shawnee Mission,KS,1966-05-04
499,Lillian,Wood,Detroit,MI,1983-09-15
500,Jean,Matthews,Seattle,WA,2015-03-01
501,Jack,Bell,San Francisco,CA,2003-09-07
502,Aaron,Martin,Omaha,NE,1951-10-27
503,Rachel,Howard,West Palm Beach,FL,1988-08-24
504,Rose,Black,Omaha,NE,1953-03-27
505,Catherine,Kim,Seattle,WA,1984-10-25
506,Sara,Hughes,Montgomery,AL,1996-04-17
507,Juan,Knight,Gainesville,FL,1935-05-19
508,Joyce,Hansen,Wichita,KS,1963-01-31
509,Peter,Long,Atlanta,GA,1931-10-26
510,Jeffrey,Richardson,Sacramento,CA,1965-03-26
511,Ruby,Warren,Oklahoma City,OK,1966-11-09
512,Annie,Turner,Fort Lauderdale,FL,2003-10-07
513,Maria,Fox,Bradenton,FL,1987-03-31
514,Anna,Smith,Mansfield,OH,1969-05-08
515,Kevin,Gibson,Savannah,GA,1974-12-23
516,David,Bailey,Edmond,OK,1945-08-18
517,Ashley,Washington,Baton Rouge,LA,1944-02-05
518,Samuel,Hamilton,Reno,NV,1942-05-21
519,Anna,Martinez,Staten Island,NY,1936-10-11
520,Carol,Kim,Saint Louis,MO,1997-06-03
521,Joan,Williamson,Corpus Christi,TX,1966-01-29
522,Craig,Grant,Washington,DC,1945-05-19
523,Carol,Andrews,Springfield,MO,1965-07-19
524,Billy,Sims,Seattle,WA,2006-02-17
525,Christopher,Banks,New Orleans,LA,1957-11-18
526,Phillip,Fuller,Corpus Christi,TX,1975-10-08
527,James,Larson,Seattle,WA,2013-09-16
528,Raymond,Hunter,Philadelphia,PA,1975-05-12
529,Jose,Miller,Washington,DC,1960-03-05
530,Jonathan,Day,Fort Lauderdale,FL,1932-04-23
531,Ashley,West,Carlsbad,CA,1985-12-12
532,Jimmy,Kennedy,Spartanburg,SC,1932-12-06
533,Kevin,Bradley,Troy,MI,1962-03-20
534,Elizabeth,George,Reno,NV,1954-09-23
535,Benjamin,Reynolds,Roanoke,VA,2010-11-28
536,Patricia,Adams,Las Vegas,NV,1947-05-12
537,Frank,Meyer,Greensboro,NC,1968-06-16
538,Raymond,Richards,Charlotte,NC,1961-04-30
539,Jesse,Hernandez,Los Angeles,CA,1935-12-21
540,Kelly,Jenkins,Pensacola,FL,1942-08-21
541,Linda,Garcia,Providence,RI,1986-02-02
542,Lawrence,Henderson,Young America,MN,1977-08-08
543,Stephen,Lewis,Baltimore,MD,1947-08-08
544,Peter,Hunter,Mobile,AL,1957-07-17
545,Christine,Gilbert,Apache Junction,AZ,1994-06-28
546,Barbara,Reed,Macon,GA,1973-05-12
547,Roger,Alvarez,Chicago,IL,1990-02-04
548,Bobby,Burke,Newark,NJ,1955-09-09
549,Gloria,Bell,Springfield,MO,1976-08-18
550,Dorothy,Wallace,Las Vegas,NV,1955-11-09
551,Kevin,Henderson,Flint,MI,1997-07-08
552,Jean,Patterson,Saint Louis,MO,1989-07-10
553,Willie,Butler,Kansas City,MO,1968-01-09
554,Jennifer,Graham,Maple Plain,MN,1999-11-25
555,Alan,Webb,Naples,FL,1965-11-26
556,Charles,Turner,Miami,FL,2005-07-07
557,Stephen,George,Richmond,VA,1958-09-18
558,Kathryn,Reyes,San Antonio,TX,1934-01-22
559,Randy,Cole,Whittier,CA,1940-01-20
560,Frank,Wright,Memphis,TN,1979-02-11
561,Jennifer,Snyder,Saint Cloud,MN,1978-01-04
562,Debra,Moreno,Corpus Christi,TX,1932-11-19
563,Carl,Williamson,Cleveland,OH,1954-08-18
564,Cheryl,Perkins,Palo Alto,CA,1975-12-27
565,Melissa,Murphy,Fullerton,CA,1972-09-08
566,Kevin,Fox,Syracuse,NY,1942-02-27
567,Anna,Gibson,Miami,FL,1966-02-03
568,Ashley,Fuller,Jackson,MS,1968-12-09
569,Sara,Sanders,Los Angeles,CA,1965-03-06
570,Stephanie,Nelson,Kansas City,MO,1939-09-04
571,Peter,Walker,Gulfport,MS,1939-04-02
572,Michelle,Willis,Richmond,VA,1979-04-08
573,Timothy,Richards,Shreveport,LA,1985-04-19
574,George,Bradley,Augusta,GA,1954-06-19
575,Jesse,Mills,Birmingham,AL,2010-06-26
576,Wanda,Spencer,Boise,ID,1966-07-07
577,Wanda,Watkins,Fort Myers,FL,1982-05-27
578,Timothy,Stewart,Tampa,FL,1947-04-15
579,Helen,Payne,Abilene,TX,1948-01-18
580,Lawrence,Sims,San Francisco,CA,1945-08-27
581,Juan,Parker,Jacksonville,FL,1954-01-28
582,Aaron,Chavez,Tyler,TX,1944-05-29
583,Sharon,Cook,Kansas City,MO,1973-06-05
584,Rebecca,Ruiz,Buffalo,NY,1970-04-28
585,Sarah,Ross,Houston,TX,1950-05-01
586,Cheryl,Wilson,Miami,FL,1979-10-13
587,Howard,Howell,Los Angeles,CA,1932-09-07
588,Nancy,Carr,Dallas,TX,1990-12-15
589,Susan,Carroll,Saint Paul,MN,1989-12-28
590,Barbara,Graham,Minneapolis,MN,1975-05-05
591,Jeffrey,Gray,Atlanta,GA,2006-04-05
592,Craig,Boyd,Chicago,IL,2000-12-25
593,Ruby,Taylor,Atlanta,GA,1952-10-20
594,Kathryn,Thompson,New York City,NY,1977-08-31
595,Jeffrey,Grant,Lynn,MA,1955-04-28
596,Annie,Edwards,Huntsville,AL,1974-12-03
597,Joyce,Hernandez,Boston,MA,1943-07-09
598,Lawrence,Hamilton,Saint Paul,MN,1955-10-31
599,Barbara,Richardson,Charlotte,NC,1953-05-08
600,Ernest,Warren,Sacramento,CA,1956-07-08
601,Roy,Ramos,Peoria,IL,2008-12-20
602,Helen,Mcdonald,Mesquite,TX,1952-10-09
603,Chris,Carroll,Albuquerque,NM,2012-01-12
604,Eugene,Carpenter,Vienna,VA,1934-09-17
605,Joseph,Gordon,Herndon,VA,1942-10-23
606,Carlos,Cox,Saint Paul,MN,2001-01-04
607,Tammy,Hall,Oklahoma City,OK,1969-02-11
608,Kathleen,Greene,Lexington,KY,1998-03-10
609,John,Hill,San Antonio,TX,1973-02-27
610,Christina,Jordan,Modesto,CA,1938-12-20
611,Christine,Mason,Toledo,OH,1977-04-07
612,Kathy,Perry,New Orleans,LA,1968-04-10
613,Sandra,Ruiz,Washington,DC,1960-06-16
614,Keith,Johnson,Mobile,AL,2002-07-03
615,Jennifer,Burton,Denver,CO,1935-01-27
616,Roger,Hamilton,Macon,GA,1991-08-04
617,Gregory,Little,Albany,NY,1965-10-09
618,Craig,Lawrence,Cleveland,OH,1952-10-15
619,Peter,Perez,San Diego,CA,1948-11-02
620,Larry,Walker,Newark,NJ,1958-10-31
621,Kathleen,Wilson,Seminole,FL,1978-10-08
622,Stephen,Peterson,Katy,TX,1978-03-13
623,Stephen,Ross,San Diego,CA,1938-07-18
624,Arthur,Rose,Tucson,AZ,1970-12-13
625,Wanda,Mills,Orlando,FL,1986-06-20
626,Annie,Lynch,Migrate,KY,1940-04-24
627,Robert,Rivera,Buffalo,NY,1999-04-07
628,Andrew,Perry,Louisville,KY,1979-12-28
629,Jeremy,Moore,Lakeland,FL,2015-12-20
630,Jimmy,Hudson,Winston Salem,NC,2014-05-27
631,Jonathan,Moore,Jacksonville,FL,1949-06-11
632,Carolyn,Morrison,Baltimore,MD,1937-07-09
633,Bonnie,Torres,Seattle,WA,1932-07-20
634,Emily,Gibson,Rochester,NY,2007-09-15
635,Kevin,Wells,Harrisburg,PA,1973-08-21
636,Phyllis,Robertson,Jacksonville,FL,2000-02-03
637,Jose,Franklin,Washington,DC,1975-06-06
638,Teresa,Gilbert,Saint Paul,MN,1936-05-01
639,Larry,Medina,Chicago,IL,1997-03-02
640,Doris,Hanson,Oklahoma City,OK,1981-06-26
641,Nicholas,Morris,Asheville,NC,2011-01-19
642,Kenneth,Lynch,Cleveland,OH,1986-05-19
643,Betty,Peterson,Lansing,MI,1950-06-10
644,Jesse,Nelson,Apache Junction,AZ,1937-04-26
645,Anne,Howell,Wilmington,NC,1965-03-14
646,Helen,Richards,Springfield,MA,1942-01-30
647,Catherine,Reid,Charleston,WV,2007-01-05
648,John,Cooper,New Haven,CT,1950-02-26
649,Dennis,Elliott,Cleveland,OH,1978-06-15
650,Mildred,Arnold,Pensacola,FL,2001-06-10
651,Ashley,Lawrence,Fort Worth,TX,2000-12-20
652,William,Banks,Kansas City,MO,1931-11-11
653,Sara,Cox,Baton Rouge,LA,1996-08-17
654,Keith,Crawford,Bozeman,MT,1955-03-18
655,Alice,Howard,New Bedford,MA,1987-03-18
656,Katherine,Turner,Spokane,WA,2010-10-09
657,Gerald,Harris,Boca Raton,FL,1930-12-28
658,Jack,Holmes,Migrate,KY,1983-12-04
659,Lois,Harris,Charlottesville,VA,2003-11-09
660,Kelly,Clark,Norfolk,VA,1932-07-05
661,George,Fox,New Haven,CT,1950-07-19
662,Scott,Murphy,Oakland,CA,1957-01-23
663,Melissa,Jacobs,Homestead,FL,2014-07-29
664,Phillip,Snyder,Monroe,LA,1963-02-19
665,Kimberly,George,Sacramento,CA,1977-06-30
666,Nicole,Romero,Bronx,NY,1945-08-22
667,Peter,Ramos,Houston,TX,1990-01-28
668,Jack,Grant,Littleton,CO,1931-03-01
669,Joseph,Garrett,San Diego,CA,1932-02-15
670,Sandra,White,Richmond,VA,1952-09-22
671,Benjamin,Murphy,Fort Smith,AR,1938-08-20
672,Susan,Stephens,El Paso,TX,2015-09-15
673,Sarah,Murray,Melbourne,FL,2004-10-15
674,Timothy,Carr,Denver,CO,1988-03-11
675,Jonathan,Simmons,Dallas,TX,1992-11-29
676,Elizabeth,Simpson,Shreveport,LA,1989-10-19
677,Joshua,Nichols,Atlanta,GA,1993-06-04
678,Patrick,Wallace,Denver,CO,1962-01-08
679,Wanda,Castillo,Reston,VA,1960-11-09
680,Joshua,Johnson,Rochester,NY,1934-02-15
681,Margaret,Hansen,Washington,DC,1945-05-26
682,Kathy,Frazier,Monticello,MN,2003-08-11
683,Bonnie,Moore,Dallas,TX,1943-01-17
684,Matthew,Long,Saint Louis,MO,2006-09-11
685,Teresa,Howell,Orlando,FL,1967-08-07
686,Pamela,Larson,Washington,DC,2000-10-11
687,Fred,Cole,Tucson,AZ,2013-03-26
688,Ryan,Cox,West Palm Beach,FL,1969-02-18
689,Melissa,Allen,Mc Keesport,PA,2004-08-06
690,Amanda,Bishop,Oklahoma City,OK,2000-01-07
691,Carol,Harvey,Providence,RI,2012-04-08
692,Howard,Mccoy,Mobile,AL,1956-04-17
693,Shawn,White,Ocala,FL,1942-08-27
694,Carlos,Ramos,Miami,FL,2008-03-30
695,Patricia,Hudson,San Antonio,TX,1943-07-08
696,Louis,Bennett,Harrisburg,PA,1974-05-10
697,Billy,Robertson,Plano,TX,1948-03-31
698,George,Simpson,Pittsburgh,PA,2012-02-11
699,Christina,Dean,Washington,DC,1953-04-02
700,Alice,Stevens,Kissimmee,FL,2003-02-21
701,Randy,Grant,Portland,OR,1970-11-05
702,Margaret,Ford,Norfolk,VA,1957-04-30
703,Barbara,Kim,Charlotte,NC,1993-08-08
704,Barbara,Griffin,Memphis,TN,1960-01-13
705,Laura,Lawrence,Atlanta,GA,1946-08-15
706,Kenneth,Hunter,Corpus Christi,TX,2000-11-14
707,Ryan,Owens,Vancouver,WA,1962-09-17
708,Justin,Hunt,New York City,NY,1938-09-23
709,Jessica,Phillips,Dallas,TX,1953-07-04
710,Walter,Rice,Wilkes Barre,PA,1938-11-16
711,Clarence,Harvey,Jefferson City,MO,2013-09-03
712,Timothy,Armstrong,Cincinnati,OH,1937-11-22
713,Christine,Phillips,Atlanta,GA,2004-04-19
714,Angela,Ortiz,Pittsburgh,PA,1979-06-01
715,Heather,Scott,Jackson,MS,2004-12-12
716,Larry,Franklin,Houston,TX,1953-02-19
717,Gloria,Thomas,Denver,CO,1937-06-11
718,Joseph,Garrett,South Bend,IN,1959-10-18
719,Arthur,Boyd,Tulsa,OK,1941-08-02
720,Gloria,Ross,Kansas City,MO,1959-11-01
721,Linda,Morgan,Springfield,IL,1997-07-31
722,Eugene,Dunn,Midland,TX,1950-12-14
723,Randy,West,Lehigh Acres,FL,1979-09-20
724,Rebecca,Porter,Albuquerque,NM,1965-08-16
725,Angela,James,New York City,NY,1952-10-08
726,Gregory,Elliott,Saint Louis,MO,1953-10-21
727,Katherine,Schmidt,Young America,MN,1973-02-11
728,Rebecca,Baker,Bronx,NY,1972-02-19
729,Katherine,Torres,Fort Worth,TX,1939-07-12
730,Carlos,Williams,Charlotte,NC,1986-05-08
731,Karen,Sims,Macon,GA,1989-06-19
732,Jeremy,Gray,Buffalo,NY,1935-05-14
733,Louis,Tucker,San Antonio,TX,2011-03-08
734,Walter,Hansen,Richmond,VA,1997-05-13
735,Janice,Garrett,Fort Worth,TX,1938-07-16
736,Mark,Hughes,Fairbanks,AK,1960-02-11
737,David,Collins,Baltimore,MD,1947-05-18
738,Ashley,Alvarez,Jacksonville,FL,1968-09-26
739,Jerry,Hicks,Midland,TX,1970-03-09
740,Richard,Fisher,New York City,NY,1996-05-12
741,Billy,Moore,Brea,CA,1967-06-04
742,Christina,Ray,Newark,NJ,1976-04-01
743,Juan,Pierce,Dallas,TX,2015-02-22
744,Melissa,Owens,Charleston,SC,2003-05-22
745,Jesse,Henry,Sacramento,CA,2003-11-17
746,Susan,Fox,Louisville,KY,1975-02-22
747,Linda,Robinson,Denver,CO,1930-05-11
748,Virginia,Lawson,Huntington,WV,1975-09-10
749,Rachel,Gutierrez,Prescott,AZ,1948-05-23
750,Raymond,Ross,Redwood City,CA,1962-11-20
751,Evelyn,Simpson,Vancouver,WA,2000-11-16
752,Albert,Watson,Jackson,MS,1952-07-01
753,Carolyn,Ortiz,Orlando,FL,1998-12-19
754,Mark,Burton,Houston,TX,1956-03-04
755,Michelle,Wilson,Roanoke,VA,1946-08-07
756,Mary,Greene,Knoxville,TN,1975-01-14
757,Beverly,Mills,Hot Springs National Park,AR,1990-02-26
758,Lillian,Lawson,Saint Cloud,MN,2006-02-16
759,Lillian,Williamson,Sparks,NV,1943-03-10
760,Arthur,Reyes,Dayton,OH,2014-06-25
761,Ronald,Willis,Fort Worth,TX,2003-01-21
762,Gregory,Garza,Lincoln,NE,2002-08-01
763,Raymond,Crawford,Spring,TX,2004-09-07
764,Justin,Ryan,Washington,DC,2005-04-03
765,Brian,Hill,Redwood City,CA,1930-11-07
766,Paul,Hernandez,Clearwater,FL,1968-09-29
767,Norma,Franklin,Santa Barbara,CA,1979-05-24
768,Patricia,Richardson,Orlando,FL,1959-09-05
769,Joan,Ellis,Fort Wayne,IN,1988-05-03
770,Kathleen,Lawson,San Bernardino,CA,1992-06-19
771,Adam,Robinson,Austin,TX,2004-08-08
772,Nancy,Collins,Silver Spring,MD,1995-08-16
773,Diana,Carpenter,Gilbert,AZ,1980-04-12
774,Elizabeth,Freeman,Tempe,AZ,1992-06-29
775,Bonnie,Hart,Springfield,IL,1942-08-03
776,Russell,Hernandez,Norfolk,VA,2002-07-25
777,Raymond,Campbell,Tacoma,WA,1992-03-03
778,Angela,Freeman,Honolulu,HI,1961-05-24
779,John,Perry,Houston,TX,2003-11-16
780,Lillian,Hudson,Littleton,CO,1968-10-13
781,Keith,Robinson,Kansas City,MO,1946-08-23
782,Katherine,Rice,Atlanta,GA,1973-04-30
783,Frances,Webb,Louisville,KY,1976-07-20
784,Ruth,Olson,Manchester,NH,2004-01-14
785,Phillip,Dunn,Oakland,CA,1977-06-06
786,Nancy,Nelson,Boca Raton,FL,1966-07-31
787,Sharon,Gutierrez,New Haven,CT,1973-11-13
788,John,Morales,Pasadena,CA,2009-07-28
789,Jeremy,Harris,Clearwater,FL,1958-04-04
790,Todd,Rivera,Wichita,KS,1970-07-15
791,Julie,Perkins,Atlanta,GA,1933-01-14
792,Ann,Bishop,Birmingham,AL,1936-05-24
793,Heather,Garza,Lincoln,NE,1952-10-22
794,Walter,Banks,San Diego,CA,1942-03-10
795,Betty,Watson,Lubbock,TX,1930-11-08
796,Philip,Green,Jacksonville,FL,1951-06-29
797,Virginia,Gonzalez,Duluth,GA,1936-12-04
798,Catherine,Perez,Las Vegas,NV,1965-06-11
799,Johnny,Coleman,Los Angeles,CA,1977-07-20
800,Joe,Ramos,New York City,NY,1995-05-21
801,Amanda,Hill,Houston,TX,1931-09-14
802,Steven,Mccoy,Lehigh Acres,FL,1983-03-15
803,Helen,Garza,Lafayette,LA,1972-08-12
804,Brandon,Gilbert,Edmond,OK,1944-05-21
805,Brandon,Ray,Colorado Springs,CO,1951-02-15
806,Kathleen,Nelson,Midland,MI,1990-01-13
807,Christine,Pierce,Raleigh,NC,1988-04-28
808,Cynthia,Nguyen,Tucson,AZ,2015-08-17
809,Benjamin,Powell,Las Vegas,NV,1943-05-09
810,Mildred,Roberts,Philadelphia,PA,1950-02-04
811,Carl,Boyd,Van Nuys,CA,1964-03-04
812,Carolyn,Bishop,Durham,NC,1956-07-10
813,Harold,Wells,Oceanside,CA,1989-12-25
814,Helen,Coleman,Monticello,MN,2012-08-03
815,Clarence,Lane,Winter Haven,FL,2005-03-23
816,Janet,Dunn,Houston,TX,2010-08-17
817,Terry,Kim,Nashville,TN,1948-10-21
818,Wanda,Arnold,Panama City,FL,1996-09-27
819,Kelly,Berry,Olympia,WA,1981-01-22
820,Mary,Gordon,Springfield,IL,1990-08-11
821,Anne,Porter,Fresno,CA,1972-10-01
822,Kathy,Ryan,Washington,DC,1946-12-18
823,Dennis,Fowler,Long Beach,CA,1979-03-02
824,Ralph,Richards,Corpus Christi,TX,2010-05-12
825,Paul,Hawkins,Portland,OR,1941-05-06
826,Billy,Sanchez,Fort Smith,AR,1938-08-10
827,Mark,Hughes,Juneau,AK,1987-01-05
828,Lisa,Ferguson,Mesa,AZ,1963-03-06
829,Timothy,Fowler,Fresno,CA,2010-12-05
830,Todd,Allen,Chicago,IL,2003-05-11
831,David,Bell,Flint,MI,1948-07-11
832,Susan,Cooper,Omaha,NE,1972-07-20
833,Mary,Watson,Troy,MI,2003-03-05
834,Jennifer,Hawkins,Norfolk,VA,1976-11-23
835,Scott,Jenkins,Saint Paul,MN,2005-06-24
836,Lois,Rivera,Indianapolis,IN,1960-05-31
837,Michael,Walker,Bronx,NY,1944-02-24
838,Shawn,Bishop,Corpus Christi,TX,2005-07-31
839,Jesse,Hunter,Knoxville,TN,1952-05-26
840,Howard,Day,Detroit,MI,1969-05-23
841,Amanda,Stone,Berkeley,CA,1978-07-15
842,Martha,Ramos,Olympia,WA,1934-08-30
843,Daniel,Jordan,Memphis,TN,1938-04-10
844,Clarence,Hamilton,Tulsa,OK,1955-07-23
845,Chris,Lewis,Phoenix,AZ,2002-02-16
846,Denise,Stephens,Rochester,NY,2000-01-23
847,Louise,Moreno,Maple Plain,MN,1979-06-17
848,Angela,Hart,New York City,NY,1969-11-01
849,Martin,Fields,New Haven,CT,1966-05-17
850,Kathy,Torres,Eugene,OR,1936-08-16
851,Amanda,Long,Washington,DC,2008-11-29
852,Gregory,Reynolds,Los Angeles,CA,1995-03-19
853,Earl,Kelley,Garland,TX,1975-07-27
854,Kathryn,Medina,Springfield,IL,1975-02-24
855,Carol,Gomez,Albany,NY,2003-05-30
856,Alice,Evans,Austin,TX,1981-05-03
857,Ernest,Harris,Portland,OR,1945-12-02
858,Linda,Wells,Staten Island,NY,1942-06-27
859,Donna,Perkins,El Paso,TX,1968-06-04
860,Kathryn,Tucker,New York City,NY,2002-12-11
861,Paul,Rivera,Richmond,VA,1991-06-12
862,Harry,Kennedy,Sacramento,CA,2014-09-14
863,Tina,Peterson,Minneapolis,MN,1969-11-19
864,Denise,Richards,Honolulu,HI,1966-07-12
865,Julie,Watson,Saint Louis,MO,1974-11-30
866,Jeffrey,Fowler,Moreno Valley,CA,1993-02-07
867,David,Howell,Jackson,MS,1932-11-13
868,Lawrence,Jordan,Albany,NY,1990-07-10
869,Margaret,Young,Palo Alto,CA,1944-12-25
870,Maria,Moore,Colorado Springs,CO,1970-11-06
871,Peter,Garcia,Fort Lauderdale,FL,2000-10-19
872,Daniel,James,Green Bay,WI,1933-02-15
873,Judy,Mendoza,New Bedford,MA,1996-03-07
874,James,Peters,Houston,TX,1996-03-22
875,Steven,Johnston,Sarasota,FL,2009-07-07
876,Gary,Bowman,Olympia,WA,1950-02-20
877,Karen,Murray,Lancaster,CA,2013-12-02
878,Maria,Russell,Fort Worth,TX,1959-05-12
879,Kelly,Anderson,Birmingham,AL,1949-07-16
880,George,Walker,Washington,DC,1972-11-30
881,Wayne,Cole,New Orleans,LA,1936-04-15
882,Laura,Harper,Washington,DC,1983-09-25
883,Rachel,Franklin,Baltimore,MD,1935-10-16
884,Teresa,Ferguson,Stockton,CA,1957-08-26
885,Gregory,West,Young America,MN,1950-10-06
886,Robert,Carter,Albuquerque,NM,2007-01-29
887,Elizabeth,George,Brooklyn,NY,1940-06-05
888,Gerald,Weaver,Pittsburgh,PA,2007-10-07
889,Paula,Hansen,Carlsbad,CA,2013-04-06
890,Louise,Richards,Dallas,TX,1995-06-29
891,Melissa,Kim,Houston,TX,1949-05-18
892,Louis,Baker,Columbia,SC,1986-07-17
893,Christina,Lane,Reading,PA,1999-06-22
894,Terry,Richardson,Danbury,CT,2005-11-06
895,Jean,Oliver,Pueblo,CO,1979-03-08
896,Kevin,Montgomery,Richmond,VA,1957-03-19
897,Samuel,Parker,Columbia,SC,1985-05-22
898,Scott,Young,Clearwater,FL,2015-09-03
899,Carlos,Meyer,Pittsburgh,PA,1978-02-20
900,Shirley,Ross,Lubbock,TX,1948-09-26
901,Linda,Ward,Saint Louis,MO,1993-02-14
902,Ann,Gutierrez,Springfield,MA,1957-10-04
903,Kevin,Ramos,Los Angeles,CA,1996-10-30
904,Donna,Gonzales,Santa Barbara,CA,2002-03-28
905,Stephanie,Stevens,Evansville,IN,1965-04-13
906,Bobby,Williamson,Ridgely,MD,1941-08-17
907,Jean,Phillips,Cleveland,OH,1952-12-26
908,Jesse,Grant,Grand Forks,ND,1947-03-13
909,Kevin,Powell,Dallas,TX,1956-03-20
910,Mary,Larson,Dallas,TX,1980-12-28
911,Larry,Chapman,Carson City,NV,1979-04-11
912,Daniel,Mcdonald,Charleston,SC,2008-03-02
913,Dennis,Reyes,San Antonio,TX,1970-07-24
914,Nicholas,Montgomery,San Bernardino,CA,1948-06-09
915,Jack,Gonzalez,New Haven,CT,1954-09-03
916,Rachel,Sanders,Los Angeles,CA,1990-01-13
917,Jack,Gardner,Fairbanks,AK,1971-04-30
918,Christine,Holmes,Arlington,TX,1965-05-12
919,Benjamin,Washington,Ann Arbor,MI,1950-10-06
920,Debra,Hill,Atlanta,GA,1978-05-28
921,Eric,Lane,Washington,DC,1959-01-04
922,Alan,Greene,Los Angeles,CA,2010-11-16
923,Jean,Andrews,Amarillo,TX,1956-09-08
924,Martin,Bennett,Dayton,OH,1962-07-29
925,Sharon,Carter,Washington,DC,1942-10-14
926,Peter,Harrison,Tyler,TX,1986-06-06
927,Juan,Jacobs,Hartford,CT,1961-10-10
928,Jeremy,Vasquez,Rochester,NY,2008-03-09
929,Gloria,Fields,Morgantown,WV,2007-12-06
930,Laura,Welch,Omaha,NE,1996-12-10
931,Anna,Kim,Jacksonville,FL,1947-02-15
932,Jeremy,Cole,Independence,MO,2008-04-27
933,Jane,Adams,Newport News,VA,1959-10-09
934,Walter,Jones,Anchorage,AK,1968-12-17
935,Dennis,Ferguson,Los Angeles,CA,2001-02-24
936,Terry,Clark,Dallas,TX,1996-10-21
937,Aaron,Gardner,Ann Arbor,MI,1972-12-28
938,Rachel,Burns,Trenton,NJ,1984-11-13
939,Janet,Martin,New York City,NY,1986-04-02
940,Martha,Allen,Houston,TX,1953-12-10
941,Randy,Bennett,Houston,TX,1989-06-24
942,Rebecca,Kim,Santa Fe,NM,1980-03-17
943,Carol,Nichols,Palm Bay,FL,1960-02-10
944,Janet,Murray,Fort Lauderdale,FL,1983-06-01
945,Joseph,Anderson,Boston,MA,1998-05-23
946,Donald,Gibson,Phoenix,AZ,1936-08-28
947,Jack,Spencer,Akron,OH,1989-11-27
948,Rebecca,Ortiz,Springfield,MO,1955-08-05
949,Brian,Meyer,Grand Forks,ND,1981-02-03
950,Bobby,Richardson,Greensboro,NC,1977-04-07
951,Steve,Fields,Oakland,CA,1978-12-16
952,Norma,Willis,Boston,MA,1962-02-14
953,Jean,Hughes,Fort Pierce,FL,1973-11-25
954,Judith,Alexander,Miami,FL,2003-11-24
955,Stephanie,Hansen,Houston,TX,1994-05-02
956,Todd,Myers,Brooklyn,NY,1971-11-15
957,Kathleen,Collins,Abilene,TX,1992-03-04
958,Raymond,Young,Providence,RI,1967-11-08
959,Kenneth,Spencer,Saint Paul,MN,1935-12-26
960,Linda,Elliott,Monroe,LA,1993-03-12
961,Ernest,Wilson,Seattle,WA,2014-09-12
962,Martha,Moreno,New Orleans,LA,1941-12-14
963,Lois,Ortiz,Houston,TX,1970-08-28
964,Sean,Hall,Des Moines,IA,1965-10-26
965,Gary,Gomez,Pittsburgh,PA,1943-01-04
966,Helen,Morgan,Apache Junction,AZ,2008-11-09
967,Kenneth,Martin,Seattle,WA,1971-06-15
968,Helen,Gonzales,Miami,FL,1951-04-05
969,Ronald,Ford,Boston,MA,1988-05-09
970,Kenneth,Bowman,Oakland,CA,1986-08-08
971,Gregory,Dixon,Kansas City,MO,1999-02-06
972,Kevin,Collins,Denver,CO,1995-01-08
973,Rose,Dunn,Syracuse,NY,1999-02-20
974,Denise,George,Orlando,FL,2011-01-15
975,Christina,Green,Shreveport,LA,1935-06-07
976,Tammy,Nguyen,Long Beach,CA,2014-09-28
977,Carolyn,Ellis,Orlando,FL,2005-11-21
978,Irene,Daniels,Baltimore,MD,1975-05-23
979,Brian,Jordan,Albany,NY,1946-04-30
980,Antonio,Medina,Phoenix,AZ,1943-01-11
981,Julia,Snyder,Sacramento,CA,1980-03-26
982,Jerry,Davis,Vancouver,WA,1940-11-08
983,Brian,Parker,Shawnee Mission,KS,1995-12-09
984,Thomas,Ferguson,Honolulu,HI,1973-04-05
985,Roger,Moore,Lafayette,LA,2012-03-17
986,Kenneth,Warren,Galveston,TX,1978-11-29
987,Jonathan,Bell,Charleston,WV,1978-05-16
988,Ashley,Ramirez,Huntington,WV,1976-11-19
989,Joyce,Carter,Denver,CO,1961-05-01
990,Judy,Robinson,Augusta,GA,1936-01-10
991,Joan,Hall,Austin,TX,1983-09-18
992,Harry,Perkins,Jefferson City,MO,1938-05-16
993,William,Morgan,Lubbock,TX,2009-05-04
994,Larry,Baker,Dallas,TX,1940-02-23
995,Angela,Larson,Shawnee Mission,KS,2003-02-26
996,Eugene,Stephens,Roanoke,VA,1961-12-23
997,Judy,Willis,Portsmouth,NH,1943-11-14
998,Billy,Murray,Prescott,AZ,1939-12-31
999,Frances,Williams,Pinellas Park,FL,1990-01-06
1000,Irene,Gray,Temple,TX,1943-04-10
